"function_name","source_file","line_start","line_end","top_level","exported","s3_method","local_function","duplicate_definition","verified_source_defined","previous_audit_classification","corrected_classification","evidence","notes"
"annual_index","R/annual_index.R",9,56,TRUE,TRUE,FALSE,FALSE,FALSE,TRUE,"public","exported-top-level","R/annual_index.R:9 top-level assignment to function; registered by export() in NAMESPACE",""
"anom_diff","R/anom_diff.R",8,10,TRUE,TRUE,FALSE,FALSE,FALSE,TRUE,"public","exported-top-level","R/anom_diff.R:8 top-level assignment to function; registered by export() in NAMESPACE",""
"anom_z","R/anom_diff.R",19,21,TRUE,TRUE,FALSE,FALSE,FALSE,TRUE,"public","exported-top-level","R/anom_diff.R:19 top-level assignment to function; registered by export() in NAMESPACE",""
"signal_noise","R/anom_diff.R",31,33,TRUE,TRUE,FALSE,FALSE,FALSE,TRUE,"public","exported-top-level","R/anom_diff.R:31 top-level assignment to function; registered by export() in NAMESPACE",""
".anom_from_clim","R/anom_diff.R",35,134,TRUE,FALSE,FALSE,FALSE,FALSE,TRUE,"internal","internal-top-level","R/anom_diff.R:35 top-level assignment to function; not exported in NAMESPACE",""
".clim_index","R/anom_diff.R",136,148,TRUE,FALSE,FALSE,FALSE,FALSE,TRUE,"internal","internal-top-level","R/anom_diff.R:136 top-level assignment to function; not exported in NAMESPACE",""
".cube_product_as_double","R/backend-index.R",3,29,TRUE,FALSE,FALSE,FALSE,FALSE,TRUE,"internal","internal-top-level","R/backend-index.R:3 top-level assignment to function; not exported in NAMESPACE",""
".plan_cube_index_read","R/backend-index.R",31,104,TRUE,FALSE,FALSE,FALSE,FALSE,TRUE,"internal","internal-top-level","R/backend-index.R:31 top-level assignment to function; not exported in NAMESPACE",""
".cube_read_spatial_pairs","R/backend-index.R",106,126,TRUE,FALSE,FALSE,FALSE,FALSE,TRUE,"internal","internal-top-level","R/backend-index.R:106 top-level assignment to function; not exported in NAMESPACE",""
".validate_spatial_pair_read","R/backend-index.R",128,155,TRUE,FALSE,FALSE,FALSE,FALSE,TRUE,"internal","internal-top-level","R/backend-index.R:128 top-level assignment to function; not exported in NAMESPACE",""
".spatial_pair_map","R/backend-index.R",157,168,TRUE,FALSE,FALSE,FALSE,FALSE,TRUE,"internal","internal-top-level","R/backend-index.R:157 top-level assignment to function; not exported in NAMESPACE",""
".cube_axis_names","R/backend-memory.R",3,5,TRUE,FALSE,FALSE,FALSE,FALSE,TRUE,"internal","internal-top-level","R/backend-memory.R:3 top-level assignment to function; not exported in NAMESPACE",""
".cube_backend","R/backend-memory.R",7,42,TRUE,FALSE,FALSE,FALSE,FALSE,TRUE,"internal","internal-top-level","R/backend-memory.R:7 top-level assignment to function; not exported in NAMESPACE",""
".validate_memory_backend","R/backend-memory.R",44,88,TRUE,FALSE,FALSE,FALSE,FALSE,TRUE,"internal","internal-top-level","R/backend-memory.R:44 top-level assignment to function; not exported in NAMESPACE",""
".cube_storage_shape","R/backend-memory.R",90,104,TRUE,FALSE,FALSE,FALSE,FALSE,TRUE,"internal","internal-top-level","R/backend-memory.R:90 top-level assignment to function; not exported in NAMESPACE",""
".require_memory_backend","R/backend-memory.R",106,118,TRUE,FALSE,FALSE,FALSE,FALSE,TRUE,"internal","internal-top-level","R/backend-memory.R:106 top-level assignment to function; not exported in NAMESPACE",""
".validate_cube_position","R/backend-memory.R",120,165,TRUE,FALSE,FALSE,FALSE,FALSE,TRUE,"internal","internal-top-level","R/backend-memory.R:120 top-level assignment to function; not exported in NAMESPACE",""
".validate_cube_index","R/backend-memory.R",167,217,TRUE,FALSE,FALSE,FALSE,FALSE,TRUE,"internal","internal-top-level","R/backend-memory.R:167 top-level assignment to function; not exported in NAMESPACE",""
".validate_cube_block_vector","R/backend-memory.R",219,254,TRUE,FALSE,FALSE,FALSE,FALSE,TRUE,"internal","internal-top-level","R/backend-memory.R:219 top-level assignment to function; not exported in NAMESPACE",""
".validate_cube_block","R/backend-memory.R",256,293,TRUE,FALSE,FALSE,FALSE,FALSE,TRUE,"internal","internal-top-level","R/backend-memory.R:256 top-level assignment to function; not exported in NAMESPACE",""
".cube_read","R/backend-memory.R",295,322,TRUE,FALSE,FALSE,FALSE,FALSE,TRUE,"internal","internal-top-level","R/backend-memory.R:295 top-level assignment to function; not exported in NAMESPACE",""
".cube_read_block","R/backend-memory.R",324,337,TRUE,FALSE,FALSE,FALSE,FALSE,TRUE,"internal","internal-top-level","R/backend-memory.R:324 top-level assignment to function; not exported in NAMESPACE",""
".cube_read_spatial_pairs_memory","R/backend-memory.R",339,392,TRUE,FALSE,FALSE,FALSE,FALSE,TRUE,"internal","internal-top-level","R/backend-memory.R:339 top-level assignment to function; not exported in NAMESPACE",""
".cube_write_block","R/backend-memory.R",394,480,TRUE,FALSE,FALSE,FALSE,FALSE,TRUE,"internal","internal-top-level","R/backend-memory.R:394 top-level assignment to function; not exported in NAMESPACE",""
".new_collected_memory_cube","R/backend-memory.R",482,507,TRUE,FALSE,FALSE,FALSE,FALSE,TRUE,"internal","internal-top-level","R/backend-memory.R:482 top-level assignment to function; not exported in NAMESPACE",""
".new_selected_memory_cube","R/backend-memory.R",509,536,TRUE,FALSE,FALSE,FALSE,FALSE,TRUE,"internal","internal-top-level","R/backend-memory.R:509 top-level assignment to function; not exported in NAMESPACE",""
".netcdf_abort","R/backend-netcdf.R",3,5,TRUE,FALSE,FALSE,FALSE,FALSE,TRUE,"internal","internal-top-level","R/backend-netcdf.R:3 top-level assignment to function; not exported in NAMESPACE",""
".netcdf_scalar_string","R/backend-netcdf.R",7,23,TRUE,FALSE,FALSE,FALSE,FALSE,TRUE,"internal","internal-top-level","R/backend-netcdf.R:7 top-level assignment to function; not exported in NAMESPACE",""
".netcdf_attribute","R/backend-netcdf.R",25,31,TRUE,FALSE,FALSE,FALSE,FALSE,TRUE,"internal","internal-top-level","R/backend-netcdf.R:25 top-level assignment to function; not exported in NAMESPACE",""
".netcdf_optional_string","R/backend-netcdf.R",33,38,TRUE,FALSE,FALSE,FALSE,FALSE,TRUE,"internal","internal-top-level","R/backend-netcdf.R:33 top-level assignment to function; not exported in NAMESPACE",""
".netcdf_optional_number","R/backend-netcdf.R",40,45,TRUE,FALSE,FALSE,FALSE,FALSE,TRUE,"internal","internal-top-level","R/backend-netcdf.R:40 top-level assignment to function; not exported in NAMESPACE",""
".netcdf_as_utc","R/backend-netcdf.R",47,53,TRUE,FALSE,FALSE,FALSE,FALSE,TRUE,"internal","internal-top-level","R/backend-netcdf.R:47 top-level assignment to function; not exported in NAMESPACE",""
".with_netcdf_connection","R/backend-netcdf.R",55,72,TRUE,FALSE,FALSE,FALSE,FALSE,TRUE,"internal","internal-top-level","R/backend-netcdf.R:55 top-level assignment to function; not exported in NAMESPACE",""
".netcdf_file_identity","R/backend-netcdf.R",74,117,TRUE,FALSE,FALSE,FALSE,FALSE,TRUE,"internal","internal-top-level","R/backend-netcdf.R:74 top-level assignment to function; not exported in NAMESPACE",""
".validate_netcdf_file_identity","R/backend-netcdf.R",119,190,TRUE,FALSE,FALSE,FALSE,FALSE,TRUE,"internal","internal-top-level","R/backend-netcdf.R:119 top-level assignment to function; not exported in NAMESPACE",""
".netcdf_dimension_metadata","R/backend-netcdf.R",192,216,TRUE,FALSE,FALSE,FALSE,FALSE,TRUE,"internal","internal-top-level","R/backend-netcdf.R:192 top-level assignment to function; not exported in NAMESPACE",""
".netcdf_dimension_evidence","R/backend-netcdf.R",218,263,TRUE,FALSE,FALSE,FALSE,FALSE,TRUE,"internal","internal-top-level","R/backend-netcdf.R:218 top-level assignment to function; not exported in NAMESPACE",""
".resolve_netcdf_dimension","R/backend-netcdf.R",265,354,TRUE,FALSE,FALSE,FALSE,FALSE,TRUE,"internal","internal-top-level","R/backend-netcdf.R:265 top-level assignment to function; not exported in NAMESPACE",""
".read_netcdf_coordinate","R/backend-netcdf.R",356,362,TRUE,FALSE,FALSE,FALSE,FALSE,TRUE,"internal","internal-top-level","R/backend-netcdf.R:356 top-level assignment to function; not exported in NAMESPACE",""
".decode_netcdf_time","R/backend-netcdf.R",364,429,TRUE,FALSE,FALSE,FALSE,FALSE,TRUE,"internal","internal-top-level","R/backend-netcdf.R:364 top-level assignment to function; not exported in NAMESPACE",""
".validate_netcdf_variables_argument","R/backend-netcdf.R",431,445,TRUE,FALSE,FALSE,FALSE,FALSE,TRUE,"internal","internal-top-level","R/backend-netcdf.R:431 top-level assignment to function; not exported in NAMESPACE",""
".netcdf_variable_map","R/backend-netcdf.R",447,574,TRUE,FALSE,FALSE,FALSE,FALSE,TRUE,"internal","internal-top-level","R/backend-netcdf.R:447 top-level assignment to function; not exported in NAMESPACE",""
".netcdf_canonical_dimension","R/backend-netcdf.R",576,591,TRUE,FALSE,FALSE,FALSE,FALSE,TRUE,"internal","internal-top-level","R/backend-netcdf.R:576 top-level assignment to function; not exported in NAMESPACE",""
".new_netcdf_storage","R/backend-netcdf.R",593,840,TRUE,FALSE,FALSE,FALSE,FALSE,TRUE,"internal","internal-top-level","R/backend-netcdf.R:593 top-level assignment to function; not exported in NAMESPACE",""
".netcdf_contains_forbidden_object","R/backend-netcdf.R",842,851,TRUE,FALSE,FALSE,FALSE,FALSE,TRUE,"internal","internal-top-level","R/backend-netcdf.R:842 top-level assignment to function; not exported in NAMESPACE",""
".validate_netcdf_storage","R/backend-netcdf.R",853,1124,TRUE,FALSE,FALSE,FALSE,FALSE,TRUE,"internal","internal-top-level","R/backend-netcdf.R:853 top-level assignment to function; not exported in NAMESPACE",""
"valid_permutation","R/backend-netcdf.R",1054,1058,FALSE,FALSE,FALSE,TRUE,FALSE,FALSE,"not-counted-separately","local-function-excluded","Named function assignment nested inside top-level function .validate_netcdf_storage; excluded from package function count.","Not an oceancube top-level function; anonymous callbacks are not counted."
".translate_netcdf_block","R/backend-netcdf.R",1126,1188,TRUE,FALSE,FALSE,FALSE,FALSE,TRUE,"internal","internal-top-level","R/backend-netcdf.R:1126 top-level assignment to function; not exported in NAMESPACE",""
".ncvar_get_block","R/backend-netcdf.R",1190,1212,TRUE,FALSE,FALSE,FALSE,FALSE,TRUE,"internal","internal-top-level","R/backend-netcdf.R:1190 top-level assignment to function; not exported in NAMESPACE",""
".decode_netcdf_block","R/backend-netcdf.R",1214,1233,TRUE,FALSE,FALSE,FALSE,FALSE,TRUE,"internal","internal-top-level","R/backend-netcdf.R:1214 top-level assignment to function; not exported in NAMESPACE",""
".validate_netcdf_physical_schema","R/backend-netcdf.R",1235,1284,TRUE,FALSE,FALSE,FALSE,FALSE,TRUE,"internal","internal-top-level","R/backend-netcdf.R:1235 top-level assignment to function; not exported in NAMESPACE",""
".read_netcdf_variable_block","R/backend-netcdf.R",1286,1351,TRUE,FALSE,FALSE,FALSE,FALSE,TRUE,"internal","internal-top-level","R/backend-netcdf.R:1286 top-level assignment to function; not exported in NAMESPACE",""
".netcdf_block_dimnames","R/backend-netcdf.R",1353,1364,TRUE,FALSE,FALSE,FALSE,FALSE,TRUE,"internal","internal-top-level","R/backend-netcdf.R:1353 top-level assignment to function; not exported in NAMESPACE",""
".read_netcdf_index_plan","R/backend-netcdf.R",1366,1414,TRUE,FALSE,FALSE,FALSE,FALSE,TRUE,"internal","internal-top-level","R/backend-netcdf.R:1366 top-level assignment to function; not exported in NAMESPACE",""
".cube_read_block_netcdf","R/backend-netcdf.R",1416,1425,TRUE,FALSE,FALSE,FALSE,FALSE,TRUE,"internal","internal-top-level","R/backend-netcdf.R:1416 top-level assignment to function; not exported in NAMESPACE",""
".cube_read_netcdf","R/backend-netcdf.R",1427,1441,TRUE,FALSE,FALSE,FALSE,FALSE,TRUE,"internal","internal-top-level","R/backend-netcdf.R:1427 top-level assignment to function; not exported in NAMESPACE",""
".cube_read_spatial_pairs_netcdf","R/backend-netcdf.R",1443,1536,TRUE,FALSE,FALSE,FALSE,FALSE,TRUE,"internal","internal-top-level","R/backend-netcdf.R:1443 top-level assignment to function; not exported in NAMESPACE",""
".new_netcdf_cube","R/backend-netcdf.R",1538,1609,TRUE,FALSE,FALSE,FALSE,FALSE,TRUE,"internal","internal-top-level","R/backend-netcdf.R:1538 top-level assignment to function; not exported in NAMESPACE",""
"clim_day","R/clim_day.R",19,114,TRUE,TRUE,FALSE,FALSE,FALSE,TRUE,"public","exported-top-level","R/clim_day.R:19 top-level assignment to function; registered by export() in NAMESPACE",""
"print.ocean_clim","R/clim_day.R",117,125,TRUE,FALSE,TRUE,FALSE,FALSE,TRUE,"internal","s3-method-top-level","R/clim_day.R:117 top-level assignment to function; registered by S3method() in NAMESPACE",""
".daily_keys","R/clim_day.R",127,134,TRUE,FALSE,FALSE,FALSE,FALSE,TRUE,"internal","internal-top-level","R/clim_day.R:127 top-level assignment to function; not exported in NAMESPACE",""
".date_key","R/clim_day.R",136,149,TRUE,FALSE,FALSE,FALSE,FALSE,TRUE,"internal","internal-top-level","R/clim_day.R:136 top-level assignment to function; not exported in NAMESPACE",""
"clim_month","R/clim_month.R",8,68,TRUE,TRUE,FALSE,FALSE,FALSE,TRUE,"public","exported-top-level","R/clim_month.R:8 top-level assignment to function; registered by export() in NAMESPACE",""
"cm_setup","R/cm_setup.R",13,40,TRUE,TRUE,FALSE,FALSE,FALSE,TRUE,"public","exported-top-level","R/cm_setup.R:13 top-level assignment to function; registered by export() in NAMESPACE",""
"cm_connect","R/cm_setup.R",51,62,TRUE,TRUE,FALSE,FALSE,FALSE,TRUE,"public","exported-top-level","R/cm_setup.R:51 top-level assignment to function; registered by export() in NAMESPACE",""
"coast_dist","R/coast_dist.R",8,38,TRUE,TRUE,FALSE,FALSE,FALSE,TRUE,"public","exported-top-level","R/coast_dist.R:8 top-level assignment to function; registered by export() in NAMESPACE",""
"cube_collect","R/cube_collect.R",35,87,TRUE,TRUE,FALSE,FALSE,FALSE,TRUE,"public","exported-top-level","R/cube_collect.R:35 top-level assignment to function; registered by export() in NAMESPACE",""
".cube_estimated_bytes","R/cube_collect.R",89,109,TRUE,FALSE,FALSE,FALSE,FALSE,TRUE,"internal","internal-top-level","R/cube_collect.R:89 top-level assignment to function; not exported in NAMESPACE",""
"cube_crop","R/cube_crop.R",59,147,TRUE,TRUE,FALSE,FALSE,FALSE,TRUE,"public","exported-top-level","R/cube_crop.R:59 top-level assignment to function; registered by export() in NAMESPACE",""
".resolve_crop_bbox","R/cube_crop.R",149,201,TRUE,FALSE,FALSE,FALSE,FALSE,TRUE,"internal","internal-top-level","R/cube_crop.R:149 top-level assignment to function; not exported in NAMESPACE",""
".resolve_cube_crop","R/cube_crop.R",203,261,TRUE,FALSE,FALSE,FALSE,FALSE,TRUE,"internal","internal-top-level","R/cube_crop.R:203 top-level assignment to function; not exported in NAMESPACE",""
".validate_numeric_crop_range","R/cube_crop.R",263,286,TRUE,FALSE,FALSE,FALSE,FALSE,TRUE,"internal","internal-top-level","R/cube_crop.R:263 top-level assignment to function; not exported in NAMESPACE",""
".crop_range_outside","R/cube_crop.R",288,301,TRUE,FALSE,FALSE,FALSE,FALSE,TRUE,"internal","internal-top-level","R/cube_crop.R:288 top-level assignment to function; not exported in NAMESPACE",""
".crop_range_no_overlap","R/cube_crop.R",303,316,TRUE,FALSE,FALSE,FALSE,FALSE,TRUE,"internal","internal-top-level","R/cube_crop.R:303 top-level assignment to function; not exported in NAMESPACE",""
".crop_range_no_coordinates","R/cube_crop.R",318,329,TRUE,FALSE,FALSE,FALSE,FALSE,TRUE,"internal","internal-top-level","R/cube_crop.R:318 top-level assignment to function; not exported in NAMESPACE",""
".resolve_numeric_crop_range","R/cube_crop.R",331,397,TRUE,FALSE,FALSE,FALSE,FALSE,TRUE,"internal","internal-top-level","R/cube_crop.R:331 top-level assignment to function; not exported in NAMESPACE",""
".crop_time_class","R/cube_crop.R",399,409,TRUE,FALSE,FALSE,FALSE,FALSE,TRUE,"internal","internal-top-level","R/cube_crop.R:399 top-level assignment to function; not exported in NAMESPACE",""
".crop_posix_timezone","R/cube_crop.R",411,417,TRUE,FALSE,FALSE,FALSE,FALSE,TRUE,"internal","internal-top-level","R/cube_crop.R:411 top-level assignment to function; not exported in NAMESPACE",""
".resolve_time_crop_range","R/cube_crop.R",419,492,TRUE,FALSE,FALSE,FALSE,FALSE,TRUE,"internal","internal-top-level","R/cube_crop.R:419 top-level assignment to function; not exported in NAMESPACE",""
"cube_extract","R/cube_extract.R",85,257,TRUE,TRUE,FALSE,FALSE,FALSE,TRUE,"public","exported-top-level","R/cube_extract.R:85 top-level assignment to function; registered by export() in NAMESPACE",""
".validate_extract_flag","R/cube_extract.R",259,264,TRUE,FALSE,FALSE,FALSE,FALSE,TRUE,"internal","internal-top-level","R/cube_extract.R:259 top-level assignment to function; not exported in NAMESPACE",""
".validate_extract_mode","R/cube_extract.R",266,301,TRUE,FALSE,FALSE,FALSE,FALSE,TRUE,"internal","internal-top-level","R/cube_extract.R:266 top-level assignment to function; not exported in NAMESPACE",""
".estimate_cube_extract","R/cube_extract.R",303,349,TRUE,FALSE,FALSE,FALSE,FALSE,TRUE,"internal","internal-top-level","R/cube_extract.R:303 top-level assignment to function; not exported in NAMESPACE",""
".extract_cube_coordinates","R/cube_extract.R",351,359,TRUE,FALSE,FALSE,FALSE,FALSE,TRUE,"internal","internal-top-level","R/cube_extract.R:351 top-level assignment to function; not exported in NAMESPACE",""
".extract_selected_coordinates","R/cube_extract.R",361,363,TRUE,FALSE,FALSE,FALSE,FALSE,TRUE,"internal","internal-top-level","R/cube_extract.R:361 top-level assignment to function; not exported in NAMESPACE",""
".extract_table_units","R/cube_extract.R",365,382,TRUE,FALSE,FALSE,FALSE,FALSE,TRUE,"internal","internal-top-level","R/cube_extract.R:365 top-level assignment to function; not exported in NAMESPACE",""
".extract_local_indices","R/cube_extract.R",384,390,TRUE,FALSE,FALSE,FALSE,FALSE,TRUE,"internal","internal-top-level","R/cube_extract.R:384 top-level assignment to function; not exported in NAMESPACE",""
".append_extract_indices","R/cube_extract.R",392,398,TRUE,FALSE,FALSE,FALSE,FALSE,TRUE,"internal","internal-top-level","R/cube_extract.R:392 top-level assignment to function; not exported in NAMESPACE",""
".append_extract_distances","R/cube_extract.R",400,410,TRUE,FALSE,FALSE,FALSE,FALSE,TRUE,"internal","internal-top-level","R/cube_extract.R:400 top-level assignment to function; not exported in NAMESPACE",""
".cube_extract_long","R/cube_extract.R",412,445,TRUE,FALSE,FALSE,FALSE,FALSE,TRUE,"internal","internal-top-level","R/cube_extract.R:412 top-level assignment to function; not exported in NAMESPACE",""
".validate_extract_wide","R/cube_extract.R",447,484,TRUE,FALSE,FALSE,FALSE,FALSE,TRUE,"internal","internal-top-level","R/cube_extract.R:447 top-level assignment to function; not exported in NAMESPACE",""
".cube_extract_wide","R/cube_extract.R",486,527,TRUE,FALSE,FALSE,FALSE,FALSE,TRUE,"internal","internal-top-level","R/cube_extract.R:486 top-level assignment to function; not exported in NAMESPACE",""
"cube_cell_area","R/cube_grid_geometry.R",15,37,TRUE,TRUE,FALSE,FALSE,FALSE,TRUE,"public","exported-top-level","R/cube_grid_geometry.R:15 top-level assignment to function; registered by export() in NAMESPACE",""
"cube_layer_thickness","R/cube_grid_geometry.R",55,71,TRUE,TRUE,FALSE,FALSE,FALSE,TRUE,"public","exported-top-level","R/cube_grid_geometry.R:55 top-level assignment to function; registered by export() in NAMESPACE",""
"cube_cell_volume","R/cube_grid_geometry.R",88,112,TRUE,TRUE,FALSE,FALSE,FALSE,TRUE,"public","exported-top-level","R/cube_grid_geometry.R:88 top-level assignment to function; registered by export() in NAMESPACE",""
".with_s2_geometry","R/cube_grid_geometry.R",114,125,TRUE,FALSE,FALSE,FALSE,FALSE,TRUE,"internal","internal-top-level","R/cube_grid_geometry.R:114 top-level assignment to function; not exported in NAMESPACE",""
".cube_horizontal_geometry","R/cube_grid_geometry.R",127,157,TRUE,FALSE,FALSE,FALSE,FALSE,TRUE,"internal","internal-top-level","R/cube_grid_geometry.R:127 top-level assignment to function; not exported in NAMESPACE",""
".cube_axis_bounds","R/cube_grid_geometry.R",159,234,TRUE,FALSE,FALSE,FALSE,FALSE,TRUE,"internal","internal-top-level","R/cube_grid_geometry.R:159 top-level assignment to function; not exported in NAMESPACE",""
".validate_geometry_axis","R/cube_grid_geometry.R",236,262,TRUE,FALSE,FALSE,FALSE,FALSE,TRUE,"internal","internal-top-level","R/cube_grid_geometry.R:236 top-level assignment to function; not exported in NAMESPACE",""
".axis_bounds_metadata","R/cube_grid_geometry.R",264,290,TRUE,FALSE,FALSE,FALSE,FALSE,TRUE,"internal","internal-top-level","R/cube_grid_geometry.R:264 top-level assignment to function; not exported in NAMESPACE",""
".bounds_to_pairs","R/cube_grid_geometry.R",292,313,TRUE,FALSE,FALSE,FALSE,FALSE,TRUE,"internal","internal-top-level","R/cube_grid_geometry.R:292 top-level assignment to function; not exported in NAMESPACE",""
".cube_vertical_geometry","R/cube_grid_geometry.R",315,369,TRUE,FALSE,FALSE,FALSE,FALSE,TRUE,"internal","internal-top-level","R/cube_grid_geometry.R:315 top-level assignment to function; not exported in NAMESPACE",""
".vertical_bounds_metadata","R/cube_grid_geometry.R",371,416,TRUE,FALSE,FALSE,FALSE,FALSE,TRUE,"internal","internal-top-level","R/cube_grid_geometry.R:371 top-level assignment to function; not exported in NAMESPACE",""
".normalize_depth_unit","R/cube_grid_geometry.R",418,438,TRUE,FALSE,FALSE,FALSE,FALSE,TRUE,"internal","internal-top-level","R/cube_grid_geometry.R:418 top-level assignment to function; not exported in NAMESPACE",""
".depth_conversion_factor","R/cube_grid_geometry.R",440,463,TRUE,FALSE,FALSE,FALSE,FALSE,TRUE,"internal","internal-top-level","R/cube_grid_geometry.R:440 top-level assignment to function; not exported in NAMESPACE",""
"cube_mask","R/cube_mask.R",72,184,TRUE,TRUE,FALSE,FALSE,FALSE,TRUE,"public","exported-top-level","R/cube_mask.R:72 top-level assignment to function; registered by export() in NAMESPACE",""
".normalize_polygon_geometry","R/cube_mask.R",186,325,TRUE,FALSE,FALSE,FALSE,FALSE,TRUE,"internal","internal-top-level","R/cube_mask.R:186 top-level assignment to function; not exported in NAMESPACE",""
".polygon_crosses_antimeridian","R/cube_mask.R",327,338,TRUE,FALSE,FALSE,FALSE,FALSE,TRUE,"internal","internal-top-level","R/cube_mask.R:327 top-level assignment to function; not exported in NAMESPACE",""
"ring_crosses","R/cube_mask.R",328,336,FALSE,FALSE,FALSE,TRUE,FALSE,FALSE,"not-counted-separately","local-function-excluded","Named function assignment nested inside top-level function .polygon_crosses_antimeridian; excluded from package function count.","Not an oceancube top-level function; anonymous callbacks are not counted."
".cube_cell_centers","R/cube_mask.R",340,352,TRUE,FALSE,FALSE,FALSE,FALSE,TRUE,"internal","internal-top-level","R/cube_mask.R:340 top-level assignment to function; not exported in NAMESPACE",""
".classify_cell_centers","R/cube_mask.R",354,376,TRUE,FALSE,FALSE,FALSE,FALSE,TRUE,"internal","internal-top-level","R/cube_mask.R:354 top-level assignment to function; not exported in NAMESPACE",""
".combine_cube_masks","R/cube_mask.R",378,404,TRUE,FALSE,FALSE,FALSE,FALSE,TRUE,"internal","internal-top-level","R/cube_mask.R:378 top-level assignment to function; not exported in NAMESPACE",""
".typed_missing","R/cube_mask.R",406,417,TRUE,FALSE,FALSE,FALSE,FALSE,TRUE,"internal","internal-top-level","R/cube_mask.R:406 top-level assignment to function; not exported in NAMESPACE",""
".canonical_cube_dimnames","R/cube_mask.R",419,427,TRUE,FALSE,FALSE,FALSE,FALSE,TRUE,"internal","internal-top-level","R/cube_mask.R:419 top-level assignment to function; not exported in NAMESPACE",""
".apply_cube_mask_5d","R/cube_mask.R",429,456,TRUE,FALSE,FALSE,FALSE,FALSE,TRUE,"internal","internal-top-level","R/cube_mask.R:429 top-level assignment to function; not exported in NAMESPACE",""
".plan_masked_cube_read","R/cube_mask.R",458,518,TRUE,FALSE,FALSE,FALSE,FALSE,TRUE,"internal","internal-top-level","R/cube_mask.R:458 top-level assignment to function; not exported in NAMESPACE",""
".read_masked_cube_values","R/cube_mask.R",520,542,TRUE,FALSE,FALSE,FALSE,FALSE,TRUE,"internal","internal-top-level","R/cube_mask.R:520 top-level assignment to function; not exported in NAMESPACE",""
".mask_coverage","R/cube_mask.R",544,567,TRUE,FALSE,FALSE,FALSE,FALSE,TRUE,"internal","internal-top-level","R/cube_mask.R:544 top-level assignment to function; not exported in NAMESPACE",""
".new_polygon_ocean_mask","R/cube_mask.R",569,593,TRUE,FALSE,FALSE,FALSE,FALSE,TRUE,"internal","internal-top-level","R/cube_mask.R:569 top-level assignment to function; not exported in NAMESPACE",""
"cube_polygon_weights","R/cube_polygon_weights.R",32,114,TRUE,TRUE,FALSE,FALSE,FALSE,TRUE,"public","exported-top-level","R/cube_polygon_weights.R:32 top-level assignment to function; registered by export() in NAMESPACE",""
".polygon_feature_ids","R/cube_polygon_weights.R",116,141,TRUE,FALSE,FALSE,FALSE,FALSE,TRUE,"internal","internal-top-level","R/cube_polygon_weights.R:116 top-level assignment to function; not exported in NAMESPACE",""
".polygon_cell_intersections","R/cube_polygon_weights.R",143,212,TRUE,FALSE,FALSE,FALSE,FALSE,TRUE,"internal","internal-top-level","R/cube_polygon_weights.R:143 top-level assignment to function; not exported in NAMESPACE",""
".polygon_weight_table","R/cube_polygon_weights.R",214,260,TRUE,FALSE,FALSE,FALSE,FALSE,TRUE,"internal","internal-top-level","R/cube_polygon_weights.R:214 top-level assignment to function; not exported in NAMESPACE",""
".polygon_feature_coverage","R/cube_polygon_weights.R",262,289,TRUE,FALSE,FALSE,FALSE,FALSE,TRUE,"internal","internal-top-level","R/cube_polygon_weights.R:262 top-level assignment to function; not exported in NAMESPACE",""
".add_polygon_coverage_columns","R/cube_polygon_weights.R",291,299,TRUE,FALSE,FALSE,FALSE,FALSE,TRUE,"internal","internal-top-level","R/cube_polygon_weights.R:291 top-level assignment to function; not exported in NAMESPACE",""
".expand_polygon_weights_depth","R/cube_polygon_weights.R",301,317,TRUE,FALSE,FALSE,FALSE,FALSE,TRUE,"internal","internal-top-level","R/cube_polygon_weights.R:301 top-level assignment to function; not exported in NAMESPACE",""
"cube_slice","R/cube_slice.R",66,171,TRUE,TRUE,FALSE,FALSE,FALSE,TRUE,"public","exported-top-level","R/cube_slice.R:66 top-level assignment to function; registered by export() in NAMESPACE",""
".resolve_cube_slice","R/cube_slice.R",173,253,TRUE,FALSE,FALSE,FALSE,FALSE,TRUE,"internal","internal-top-level","R/cube_slice.R:173 top-level assignment to function; not exported in NAMESPACE",""
".validate_slice_selector_vector","R/cube_slice.R",255,263,TRUE,FALSE,FALSE,FALSE,FALSE,TRUE,"internal","internal-top-level","R/cube_slice.R:255 top-level assignment to function; not exported in NAMESPACE",""
".slice_format_values","R/cube_slice.R",265,267,TRUE,FALSE,FALSE,FALSE,FALSE,TRUE,"internal","internal-top-level","R/cube_slice.R:265 top-level assignment to function; not exported in NAMESPACE",""
".slice_outside_domain","R/cube_slice.R",269,280,TRUE,FALSE,FALSE,FALSE,FALSE,TRUE,"internal","internal-top-level","R/cube_slice.R:269 top-level assignment to function; not exported in NAMESPACE",""
".slice_not_found","R/cube_slice.R",282,291,TRUE,FALSE,FALSE,FALSE,FALSE,TRUE,"internal","internal-top-level","R/cube_slice.R:282 top-level assignment to function; not exported in NAMESPACE",""
".slice_beyond_tolerance","R/cube_slice.R",293,302,TRUE,FALSE,FALSE,FALSE,FALSE,TRUE,"internal","internal-top-level","R/cube_slice.R:293 top-level assignment to function; not exported in NAMESPACE",""
".resolve_axis_values","R/cube_slice.R",304,366,TRUE,FALSE,FALSE,FALSE,FALSE,TRUE,"internal","internal-top-level","R/cube_slice.R:304 top-level assignment to function; not exported in NAMESPACE",""
".slice_time_numeric","R/cube_slice.R",368,382,TRUE,FALSE,FALSE,FALSE,FALSE,TRUE,"internal","internal-top-level","R/cube_slice.R:368 top-level assignment to function; not exported in NAMESPACE",""
".resolve_time_values","R/cube_slice.R",384,456,TRUE,FALSE,FALSE,FALSE,FALSE,TRUE,"internal","internal-top-level","R/cube_slice.R:384 top-level assignment to function; not exported in NAMESPACE",""
".resolve_selected_variables","R/cube_slice.R",458,495,TRUE,FALSE,FALSE,FALSE,FALSE,TRUE,"internal","internal-top-level","R/cube_slice.R:458 top-level assignment to function; not exported in NAMESPACE",""
".validate_slice_tolerance","R/cube_slice.R",497,565,TRUE,FALSE,FALSE,FALSE,FALSE,TRUE,"internal","internal-top-level","R/cube_slice.R:497 top-level assignment to function; not exported in NAMESPACE",""
".selection_units","R/cube_slice.R",567,573,TRUE,FALSE,FALSE,FALSE,FALSE,TRUE,"internal","internal-top-level","R/cube_slice.R:567 top-level assignment to function; not exported in NAMESPACE",""
".selection_contains_dimensional_data","R/cube_slice.R",575,579,TRUE,FALSE,FALSE,FALSE,FALSE,TRUE,"internal","internal-top-level","R/cube_slice.R:575 top-level assignment to function; not exported in NAMESPACE",""
".selection_auxiliary_components","R/cube_slice.R",581,632,TRUE,FALSE,FALSE,FALSE,FALSE,TRUE,"internal","internal-top-level","R/cube_slice.R:581 top-level assignment to function; not exported in NAMESPACE",""
"cube_transect","R/cube_transect.R",83,178,TRUE,TRUE,FALSE,FALSE,FALSE,TRUE,"public","exported-top-level","R/cube_transect.R:83 top-level assignment to function; registered by export() in NAMESPACE",""
".transect_scalar_column","R/cube_transect.R",180,186,TRUE,FALSE,FALSE,FALSE,FALSE,TRUE,"internal","internal-top-level","R/cube_transect.R:180 top-level assignment to function; not exported in NAMESPACE",""
".transect_point_label","R/cube_transect.R",188,190,TRUE,FALSE,FALSE,FALSE,FALSE,TRUE,"internal","internal-top-level","R/cube_transect.R:188 top-level assignment to function; not exported in NAMESPACE",""
".transect_resolve_spatial","R/cube_transect.R",192,218,TRUE,FALSE,FALSE,FALSE,FALSE,TRUE,"internal","internal-top-level","R/cube_transect.R:192 top-level assignment to function; not exported in NAMESPACE",""
".plan_cube_transect","R/cube_transect.R",220,396,TRUE,FALSE,FALSE,FALSE,FALSE,TRUE,"internal","internal-top-level","R/cube_transect.R:220 top-level assignment to function; not exported in NAMESPACE",""
".transect_mode","R/cube_transect.R",398,425,TRUE,FALSE,FALSE,FALSE,FALSE,TRUE,"internal","internal-top-level","R/cube_transect.R:398 top-level assignment to function; not exported in NAMESPACE",""
".transect_validate_antimeridian","R/cube_transect.R",427,443,TRUE,FALSE,FALSE,FALSE,FALSE,TRUE,"internal","internal-top-level","R/cube_transect.R:427 top-level assignment to function; not exported in NAMESPACE",""
".transect_cumulative_distance","R/cube_transect.R",445,457,TRUE,FALSE,FALSE,FALSE,FALSE,TRUE,"internal","internal-top-level","R/cube_transect.R:445 top-level assignment to function; not exported in NAMESPACE",""
".cube_transect_long","R/cube_transect.R",459,500,TRUE,FALSE,FALSE,FALSE,FALSE,TRUE,"internal","internal-top-level","R/cube_transect.R:459 top-level assignment to function; not exported in NAMESPACE",""
".cube_transect_wide","R/cube_transect.R",502,535,TRUE,FALSE,FALSE,FALSE,FALSE,TRUE,"internal","internal-top-level","R/cube_transect.R:502 top-level assignment to function; not exported in NAMESPACE",""
"download_nc","R/download_nc.R",19,100,TRUE,TRUE,FALSE,FALSE,FALSE,TRUE,"public","exported-top-level","R/download_nc.R:19 top-level assignment to function; registered by export() in NAMESPACE",""
"layer_mean","R/layer_mean.R",9,61,TRUE,TRUE,FALSE,FALSE,FALSE,TRUE,"public","exported-top-level","R/layer_mean.R:9 top-level assignment to function; registered by export() in NAMESPACE",""
"link_events","R/link_events.R",25,106,TRUE,TRUE,FALSE,FALSE,FALSE,TRUE,"public","exported-top-level","R/link_events.R:25 top-level assignment to function; registered by export() in NAMESPACE",""
".read_event_values","R/link_events.R",108,122,TRUE,FALSE,FALSE,FALSE,FALSE,TRUE,"internal","internal-top-level","R/link_events.R:108 top-level assignment to function; not exported in NAMESPACE",""
".nearest_index","R/link_events.R",124,129,TRUE,FALSE,FALSE,FALSE,FALSE,TRUE,"internal","internal-top-level","R/link_events.R:124 top-level assignment to function; not exported in NAMESPACE",""
".nearest_date_index","R/link_events.R",131,156,TRUE,FALSE,FALSE,FALSE,FALSE,TRUE,"internal","internal-top-level","R/link_events.R:131 top-level assignment to function; not exported in NAMESPACE",""
"ocean_cube","R/ocean_cube.R",74,171,TRUE,TRUE,FALSE,FALSE,FALSE,TRUE,"public","exported-top-level","R/ocean_cube.R:74 top-level assignment to function; registered by export() in NAMESPACE",""
"print.ocean_cube","R/ocean_cube.R",174,190,TRUE,FALSE,TRUE,FALSE,FALSE,TRUE,"internal","s3-method-top-level","R/ocean_cube.R:174 top-level assignment to function; registered by S3method() in NAMESPACE",""
"summary.ocean_cube","R/ocean_cube.R",193,208,TRUE,FALSE,TRUE,FALSE,FALSE,TRUE,"internal","s3-method-top-level","R/ocean_cube.R:193 top-level assignment to function; registered by S3method() in NAMESPACE",""
"read_nc","R/read_nc.R",18,116,TRUE,TRUE,FALSE,FALSE,FALSE,TRUE,"public","exported-top-level","R/read_nc.R:18 top-level assignment to function; registered by export() in NAMESPACE",""
"stock_mask","R/stock_mask.R",12,57,TRUE,TRUE,FALSE,FALSE,FALSE,TRUE,"public","exported-top-level","R/stock_mask.R:12 top-level assignment to function; registered by export() in NAMESPACE",""
"print.ocean_mask","R/stock_mask.R",60,66,TRUE,FALSE,TRUE,FALSE,FALSE,TRUE,"internal","s3-method-top-level","R/stock_mask.R:60 top-level assignment to function; registered by S3method() in NAMESPACE",""
"crop_stock","R/stock_mask.R",75,119,TRUE,TRUE,FALSE,FALSE,FALSE,TRUE,"public","exported-top-level","R/stock_mask.R:75 top-level assignment to function; registered by export() in NAMESPACE",""
"to_month","R/to_month.R",8,42,TRUE,TRUE,FALSE,FALSE,FALSE,TRUE,"public","exported-top-level","R/to_month.R:8 top-level assignment to function; registered by export() in NAMESPACE",""
"%||%","R/utils-internal.R",1,3,TRUE,FALSE,FALSE,FALSE,FALSE,TRUE,"internal","internal-top-level","R/utils-internal.R:1 top-level assignment to function; not exported in NAMESPACE",""
".abort_badarg","R/utils-internal.R",5,10,TRUE,FALSE,FALSE,FALSE,FALSE,TRUE,"internal","internal-top-level","R/utils-internal.R:5 top-level assignment to function; not exported in NAMESPACE",""
".message_info","R/utils-internal.R",12,14,TRUE,FALSE,FALSE,FALSE,FALSE,TRUE,"internal","internal-top-level","R/utils-internal.R:12 top-level assignment to function; not exported in NAMESPACE",""
".message_done","R/utils-internal.R",16,18,TRUE,FALSE,FALSE,FALSE,FALSE,TRUE,"internal","internal-top-level","R/utils-internal.R:16 top-level assignment to function; not exported in NAMESPACE",""
".check_numeric_vector","R/utils-internal.R",20,28,TRUE,FALSE,FALSE,FALSE,FALSE,TRUE,"internal","internal-top-level","R/utils-internal.R:20 top-level assignment to function; not exported in NAMESPACE",""
".check_range","R/utils-internal.R",30,39,TRUE,FALSE,FALSE,FALSE,FALSE,TRUE,"internal","internal-top-level","R/utils-internal.R:30 top-level assignment to function; not exported in NAMESPACE",""
".check_cube_coordinates","R/utils-internal.R",41,109,TRUE,FALSE,FALSE,FALSE,FALSE,TRUE,"internal","internal-top-level","R/utils-internal.R:41 top-level assignment to function; not exported in NAMESPACE",""
".check_cube_dimensions","R/utils-internal.R",111,149,TRUE,FALSE,FALSE,FALSE,FALSE,TRUE,"internal","internal-top-level","R/utils-internal.R:111 top-level assignment to function; not exported in NAMESPACE",""
".cube_shape","R/utils-internal.R",151,197,TRUE,FALSE,FALSE,FALSE,FALSE,TRUE,"internal","internal-top-level","R/utils-internal.R:151 top-level assignment to function; not exported in NAMESPACE",""
".check_cube","R/utils-internal.R",199,313,TRUE,FALSE,FALSE,FALSE,FALSE,TRUE,"internal","internal-top-level","R/utils-internal.R:199 top-level assignment to function; not exported in NAMESPACE",""
".safe_mean","R/utils-internal.R",315,319,TRUE,FALSE,FALSE,FALSE,FALSE,TRUE,"internal","internal-top-level","R/utils-internal.R:315 top-level assignment to function; not exported in NAMESPACE",""
".safe_sd","R/utils-internal.R",321,325,TRUE,FALSE,FALSE,FALSE,FALSE,TRUE,"internal","internal-top-level","R/utils-internal.R:321 top-level assignment to function; not exported in NAMESPACE",""
".weighted_mean","R/utils-internal.R",327,331,TRUE,FALSE,FALSE,FALSE,FALSE,TRUE,"internal","internal-top-level","R/utils-internal.R:327 top-level assignment to function; not exported in NAMESPACE",""
".depth_edges","R/utils-internal.R",333,342,TRUE,FALSE,FALSE,FALSE,FALSE,TRUE,"internal","internal-top-level","R/utils-internal.R:333 top-level assignment to function; not exported in NAMESPACE",""
".depth_weights","R/utils-internal.R",344,346,TRUE,FALSE,FALSE,FALSE,FALSE,TRUE,"internal","internal-top-level","R/utils-internal.R:344 top-level assignment to function; not exported in NAMESPACE",""
".guess_dim","R/utils-internal.R",348,357,TRUE,FALSE,FALSE,FALSE,FALSE,TRUE,"internal","internal-top-level","R/utils-internal.R:348 top-level assignment to function; not exported in NAMESPACE",""
".read_cf_time","R/utils-internal.R",359,388,TRUE,FALSE,FALSE,FALSE,FALSE,TRUE,"internal","internal-top-level","R/utils-internal.R:359 top-level assignment to function; not exported in NAMESPACE",""
".make_filename","R/utils-internal.R",390,405,TRUE,FALSE,FALSE,FALSE,FALSE,TRUE,"internal","internal-top-level","R/utils-internal.R:390 top-level assignment to function; not exported in NAMESPACE",""
"clean","R/utils-internal.R",392,392,FALSE,FALSE,FALSE,TRUE,FALSE,FALSE,"not-counted-separately","local-function-excluded","Named function assignment nested inside top-level function .make_filename; excluded from package function count.","Not an oceancube top-level function; anonymous callbacks are not counted."
".make_provenance","R/utils-internal.R",407,419,TRUE,FALSE,FALSE,FALSE,FALSE,TRUE,"internal","internal-top-level","R/utils-internal.R:407 top-level assignment to function; not exported in NAMESPACE",""
