"function_name","source_file","called_by","calls","module","current_role","decision","proposed_file","duplicate","apparently_unused","dynamic_use_possible","tests","risk","evidence","notes"
".anom_from_clim","R/anom_diff.R","anom_diff; anom_z; signal_noise","%||%; .check_cube; .clim_index; .cube_read; .make_provenance; ocean_cube","anomaly","static helper used by package functions","retain-internal","R/anom_diff.R",FALSE,FALSE,FALSE,"","low","R/anom_diff.R:35 verified top-level definition; static callers: anom_diff; anom_z; signal_noise; no direct static test reference; no active documentation reference","Retain behavior; physical movement requires a later no-behavior-change commit."
".clim_index","R/anom_diff.R",".anom_from_clim","%||%; .date_key","anomaly","static helper used by package functions","retain-internal","R/anom_diff.R",FALSE,FALSE,FALSE,"","low","R/anom_diff.R:136 verified top-level definition; static callers: .anom_from_clim; no direct static test reference; no active documentation reference","Retain behavior; physical movement requires a later no-behavior-change commit."
".cube_product_as_double","R/backend-index.R",".cube_estimated_bytes; .estimate_cube_extract; .plan_cube_index_read","","backend/netcdf","static helper used by package functions","retain-internal","R/backend-index.R",FALSE,FALSE,FALSE,"","low","R/backend-index.R:3 verified top-level definition; static callers: .cube_estimated_bytes; .estimate_cube_extract; .plan_cube_index_read; no direct static test reference; no active documentation reference","Retain behavior; physical movement requires a later no-behavior-change commit."
".plan_cube_index_read","R/backend-index.R",".cube_read_block_netcdf; .cube_read_netcdf; cube_crop; cube_extract; cube_slice",".cube_axis_names; .cube_product_as_double; .cube_shape; .validate_cube_index","backend/netcdf","static helper used by package functions","retain-internal","R/backend-index.R",FALSE,FALSE,FALSE,"tests/testthat/test-backend-netcdf-noncontiguous.R","low","R/backend-index.R:31 verified top-level definition; static callers: .cube_read_block_netcdf; .cube_read_netcdf; cube_crop; cube_extract; cube_slice; tests: tests/testthat/test-backend-netcdf-noncontiguous.R; documentation: inst/examples/noncontiguous_collect.R","Retain behavior; physical movement requires a later no-behavior-change commit."
".cube_read_spatial_pairs","R/backend-index.R","cube_transect",".cube_backend; .cube_read_spatial_pairs_memory; .cube_read_spatial_pairs_netcdf","backend/netcdf","static helper used by package functions","retain-internal","R/backend-index.R",FALSE,FALSE,FALSE,"","low","R/backend-index.R:106 verified top-level definition; static callers: cube_transect; no direct static test reference; no active documentation reference","Retain behavior; physical movement requires a later no-behavior-change commit."
".validate_spatial_pair_read","R/backend-index.R",".cube_read_spatial_pairs_memory; .cube_read_spatial_pairs_netcdf",".abort_badarg; .cube_shape; .validate_cube_index","backend/netcdf","static helper used by package functions","retain-internal","R/backend-index.R",FALSE,FALSE,FALSE,"","low","R/backend-index.R:128 verified top-level definition; static callers: .cube_read_spatial_pairs_memory; .cube_read_spatial_pairs_netcdf; no direct static test reference; no active documentation reference","Retain behavior; physical movement requires a later no-behavior-change commit."
".spatial_pair_map","R/backend-index.R",".cube_read_spatial_pairs_memory; .cube_read_spatial_pairs_netcdf; .plan_cube_transect","","backend/netcdf","static helper used by package functions","retain-internal","R/backend-index.R",FALSE,FALSE,FALSE,"","low","R/backend-index.R:157 verified top-level definition; static callers: .cube_read_spatial_pairs_memory; .cube_read_spatial_pairs_netcdf; .plan_cube_transect; no direct static test reference; no active documentation reference","Retain behavior; physical movement requires a later no-behavior-change commit."
".cube_axis_names","R/backend-memory.R",".check_cube; .cube_extract_long; .cube_extract_wide; .cube_shape; .extract_local_indices; .netcdf_block_dimnames; .new_netcdf_storage; .plan_cube_index_read; .plan_masked_cube_read; .resolve_cube_crop; .resolve_cube_slice; .validate_cube_block; .validate_cube_block_vector; .validate_cube_index; .validate_extract_wide; .validate_memory_backend; .validate_netcdf_storage; cube_extract; cube_slice","","backend/netcdf","static helper used by package functions","retain-internal","R/backend-memory.R",FALSE,FALSE,FALSE,"tests/testthat/test-backend-netcdf-noncontiguous.R; tests/testthat/test-backend-netcdf-read-block.R; tests/testthat/test-cube-crop.R; tests/testthat/test-cube-extract.R; tests/testthat/test-cube-slice.R","low","R/backend-memory.R:3 verified top-level definition; static callers: .check_cube; .cube_extract_long; .cube_extract_wide; .cube_shape; .extract_local_indices; .netcdf_block_dimnames; .new_netcdf_storage; .plan_cube_index_read; .plan_masked_cube_read; .resolve_cube_crop; .resolve_cube_slice; .validate_cube_block; .validate_cube_block_vector; .validate_cube_index; .validate_extract_wide; .validate_memory_backend; .validate_netcdf_storage; cube_extract; cube_slice; tests: tests/testthat/test-backend-netcdf-noncontiguous.R; tests/testthat/test-backend-netcdf-read-block.R; tests/testthat/test-cube-crop.R; tests/testthat/test-cube-extract.R; tests/testthat/test-cube-slice.R; no active documentation reference","Retain behavior; physical movement requires a later no-behavior-change commit."
".cube_backend","R/backend-memory.R",".check_cube; .cube_read; .cube_read_block; .cube_read_spatial_pairs; .cube_storage_shape; .cube_write_block; .require_memory_backend; cube_collect; cube_crop; cube_extract; cube_mask; cube_slice; cube_transect",".validate_netcdf_storage","backend/netcdf","static helper used by package functions","retain-internal","R/backend-memory.R",FALSE,FALSE,FALSE,"tests/testthat/test-backend-memory.R; tests/testthat/test-backend-netcdf-descriptor.R; tests/testthat/test-cube-collect.R; tests/testthat/test-cube-crop.R; tests/testthat/test-cube-mask.R; tests/testthat/test-cube-slice.R; tests/testthat/test-ocean-cube-contract.R; tests/testthat/test-refactor-coast-dist-backend.R; tests/testthat/test-refactor-layer-annual-backend.R; tests/testthat/test-refactor-link-events-backend.R; tests/testthat/test-refactor-temporal-backend.R; tests/testthat/test-release-contract.R","low","R/backend-memory.R:7 verified top-level definition; static callers: .check_cube; .cube_read; .cube_read_block; .cube_read_spatial_pairs; .cube_storage_shape; .cube_write_block; .require_memory_backend; cube_collect; cube_crop; cube_extract; cube_mask; cube_slice; cube_transect; tests: tests/testthat/test-backend-memory.R; tests/testthat/test-backend-netcdf-descriptor.R; tests/testthat/test-cube-collect.R; tests/testthat/test-cube-crop.R; tests/testthat/test-cube-mask.R; tests/testthat/test-cube-slice.R; tests/testthat/test-ocean-cube-contract.R; tests/testthat/test-refactor-coast-dist-backend.R; tests/testthat/test-refactor-layer-annual-backend.R; tests/testthat/test-refactor-link-events-backend.R; tests/testthat/test-refactor-temporal-backend.R; tests/testthat/test-release-contract.R; documentation: inst/examples/backend_memory.R; inst/examples/backend_netcdf_descriptor.R; inst/examples/backend_netcdf_read_block.R; inst/examples/cube_crop.R; inst/examples/cube_mask.R; inst/examples/cube_slice.R","Retain behavior; physical movement requires a later no-behavior-change commit."
".validate_memory_backend","R/backend-memory.R",".check_cube; .cube_storage_shape",".abort_badarg; .cube_axis_names","backend/netcdf","static helper used by package functions","retain-internal","R/backend-memory.R",FALSE,FALSE,FALSE,"","low","R/backend-memory.R:44 verified top-level definition; static callers: .check_cube; .cube_storage_shape; no direct static test reference; no active documentation reference","Retain behavior; physical movement requires a later no-behavior-change commit."
".cube_storage_shape","R/backend-memory.R",".cube_read_block; .cube_read_block_netcdf",".cube_backend; .validate_memory_backend; .validate_netcdf_storage","backend/netcdf","static helper used by package functions","retain-internal","R/backend-memory.R",FALSE,FALSE,FALSE,"tests/testthat/test-backend-netcdf-descriptor.R; tests/testthat/test-refactor-coast-dist-backend.R","low","R/backend-memory.R:90 verified top-level definition; static callers: .cube_read_block; .cube_read_block_netcdf; tests: tests/testthat/test-backend-netcdf-descriptor.R; tests/testthat/test-refactor-coast-dist-backend.R; documentation: inst/examples/refactor_coast_dist_backend.R","Retain behavior; physical movement requires a later no-behavior-change commit."
".require_memory_backend","R/backend-memory.R",".cube_read; .cube_read_block; .cube_read_spatial_pairs_memory; .cube_write_block",".check_cube; .cube_backend","backend/netcdf","static helper used by package functions","retain-internal","R/backend-memory.R",FALSE,FALSE,FALSE,"","low","R/backend-memory.R:106 verified top-level definition; static callers: .cube_read; .cube_read_block; .cube_read_spatial_pairs_memory; .cube_write_block; no direct static test reference; no active documentation reference","Retain behavior; physical movement requires a later no-behavior-change commit."
".validate_cube_position","R/backend-memory.R",".validate_cube_index",".abort_badarg","backend/netcdf","static helper used by package functions","retain-internal","R/backend-memory.R",FALSE,FALSE,FALSE,"","low","R/backend-memory.R:120 verified top-level definition; static callers: .validate_cube_index; no direct static test reference; no active documentation reference","Retain behavior; physical movement requires a later no-behavior-change commit."
".validate_cube_index","R/backend-memory.R",".cube_read; .plan_cube_index_read; .resolve_cube_crop; .resolve_cube_slice; .validate_spatial_pair_read",".abort_badarg; .cube_axis_names; .validate_cube_position","backend/netcdf","static helper used by package functions","retain-internal","R/backend-memory.R",FALSE,FALSE,FALSE,"","low","R/backend-memory.R:167 verified top-level definition; static callers: .cube_read; .plan_cube_index_read; .resolve_cube_crop; .resolve_cube_slice; .validate_spatial_pair_read; no direct static test reference; no active documentation reference","Retain behavior; physical movement requires a later no-behavior-change commit."
".validate_cube_block_vector","R/backend-memory.R",".validate_cube_block",".abort_badarg; .cube_axis_names","backend/netcdf","static helper used by package functions","retain-internal","R/backend-memory.R",FALSE,FALSE,FALSE,"","low","R/backend-memory.R:219 verified top-level definition; static callers: .validate_cube_block; no direct static test reference; no active documentation reference","Retain behavior; physical movement requires a later no-behavior-change commit."
".validate_cube_block","R/backend-memory.R",".cube_read_block; .cube_read_block_netcdf; .cube_write_block",".cube_axis_names; .validate_cube_block_vector","backend/netcdf","static helper used by package functions","retain-internal","R/backend-memory.R",FALSE,FALSE,FALSE,"","low","R/backend-memory.R:256 verified top-level definition; static callers: .cube_read_block; .cube_read_block_netcdf; .cube_write_block; no direct static test reference; no active documentation reference","Retain behavior; physical movement requires a later no-behavior-change commit."
".cube_read","R/backend-memory.R",".anom_from_clim; .cube_read_block; .read_event_values; .read_masked_cube_values; annual_index; clim_day; clim_month; crop_stock; cube_collect; cube_crop; cube_extract; cube_slice; layer_mean; to_month",".abort_badarg; .cube_backend; .cube_read_netcdf; .require_memory_backend; .validate_cube_index","backend/netcdf","static helper used by package functions","retain-internal","R/backend-memory.R",FALSE,FALSE,FALSE,"tests/testthat/test-backend-memory.R; tests/testthat/test-backend-netcdf-descriptor.R; tests/testthat/test-backend-netcdf-noncontiguous.R; tests/testthat/test-backend-netcdf-read-block.R; tests/testthat/test-cube-collect.R; tests/testthat/test-cube-crop.R; tests/testthat/test-cube-extract.R; tests/testthat/test-cube-mask.R; tests/testthat/test-cube-slice.R; tests/testthat/test-refactor-coast-dist-backend.R; tests/testthat/test-refactor-link-events-backend.R","low","R/backend-memory.R:295 verified top-level definition; static callers: .anom_from_clim; .cube_read_block; .read_event_values; .read_masked_cube_values; annual_index; clim_day; clim_month; crop_stock; cube_collect; cube_crop; cube_extract; cube_slice; layer_mean; to_month; tests: tests/testthat/test-backend-memory.R; tests/testthat/test-backend-netcdf-descriptor.R; tests/testthat/test-backend-netcdf-noncontiguous.R; tests/testthat/test-backend-netcdf-read-block.R; tests/testthat/test-cube-collect.R; tests/testthat/test-cube-crop.R; tests/testthat/test-cube-extract.R; tests/testthat/test-cube-mask.R; tests/testthat/test-cube-slice.R; tests/testthat/test-refactor-coast-dist-backend.R; tests/testthat/test-refactor-link-events-backend.R; documentation: inst/examples/backend_memory.R; inst/examples/backend_netcdf_descriptor.R; inst/examples/backend_netcdf_read_block.R; inst/examples/cube_crop.R; inst/examples/cube_mask.R; inst/examples/cube_slice.R","Retain behavior; physical movement requires a later no-behavior-change commit."
".cube_read_block","R/backend-memory.R","",".cube_backend; .cube_read; .cube_read_block_netcdf; .cube_storage_shape; .require_memory_backend; .validate_cube_block","backend/netcdf","helper exercised directly by tests","retain-internal","R/backend-memory.R",FALSE,FALSE,FALSE,"tests/testthat/test-backend-memory.R; tests/testthat/test-backend-netcdf-descriptor.R; tests/testthat/test-backend-netcdf-read-block.R","low","R/backend-memory.R:324 verified top-level definition; no static caller; tests: tests/testthat/test-backend-memory.R; tests/testthat/test-backend-netcdf-descriptor.R; tests/testthat/test-backend-netcdf-read-block.R; documentation: inst/examples/backend_memory.R; inst/examples/backend_netcdf_read_block.R","Retain behavior; physical movement requires a later no-behavior-change commit."
".cube_read_spatial_pairs_memory","R/backend-memory.R",".cube_read_spatial_pairs",".require_memory_backend; .spatial_pair_map; .validate_spatial_pair_read","backend/netcdf","static helper used by package functions","retain-internal","R/backend-memory.R",FALSE,FALSE,FALSE,"","low","R/backend-memory.R:339 verified top-level definition; static callers: .cube_read_spatial_pairs; no direct static test reference; no active documentation reference","Retain behavior; physical movement requires a later no-behavior-change commit."
".cube_write_block","R/backend-memory.R","",".abort_badarg; .check_cube; .cube_backend; .require_memory_backend; .validate_cube_block","backend/netcdf","helper exercised directly by tests","retain-internal","R/backend-memory.R",FALSE,FALSE,FALSE,"tests/testthat/test-backend-memory.R; tests/testthat/test-backend-netcdf-descriptor.R; tests/testthat/test-backend-netcdf-read-block.R; tests/testthat/test-cube-collect.R; tests/testthat/test-refactor-coast-dist-backend.R","low","R/backend-memory.R:394 verified top-level definition; no static caller; tests: tests/testthat/test-backend-memory.R; tests/testthat/test-backend-netcdf-descriptor.R; tests/testthat/test-backend-netcdf-read-block.R; tests/testthat/test-cube-collect.R; tests/testthat/test-refactor-coast-dist-backend.R; documentation: inst/examples/backend_memory.R; inst/examples/backend_netcdf_descriptor.R; inst/examples/backend_netcdf_read_block.R; inst/examples/noncontiguous_collect.R; inst/examples/refactor_coast_dist_backend.R","Retain behavior; physical movement requires a later no-behavior-change commit."
".new_collected_memory_cube","R/backend-memory.R","cube_collect; cube_mask",".check_cube; ocean_cube","backend/netcdf","static helper used by package functions","retain-internal","R/backend-memory.R",FALSE,FALSE,FALSE,"","low","R/backend-memory.R:482 verified top-level definition; static callers: cube_collect; cube_mask; no direct static test reference; no active documentation reference","Retain behavior; physical movement requires a later no-behavior-change commit."
".new_selected_memory_cube","R/backend-memory.R","cube_crop; cube_slice",".check_cube; ocean_cube","backend/netcdf","static helper used by package functions","retain-internal","R/backend-memory.R",FALSE,FALSE,FALSE,"","low","R/backend-memory.R:509 verified top-level definition; static callers: cube_crop; cube_slice; no direct static test reference; no active documentation reference","Retain behavior; physical movement requires a later no-behavior-change commit."
".netcdf_abort","R/backend-netcdf.R",".decode_netcdf_time; .ncvar_get_block; .netcdf_file_identity; .netcdf_variable_map; .new_netcdf_storage; .read_netcdf_variable_block; .resolve_netcdf_dimension; .translate_netcdf_block; .validate_netcdf_file_identity; .validate_netcdf_physical_schema; .validate_netcdf_storage; .with_netcdf_connection","","backend/netcdf","static helper used by package functions","retain-internal","R/backend-netcdf.R",FALSE,FALSE,FALSE,"","low","R/backend-netcdf.R:3 verified top-level definition; static callers: .decode_netcdf_time; .ncvar_get_block; .netcdf_file_identity; .netcdf_variable_map; .new_netcdf_storage; .read_netcdf_variable_block; .resolve_netcdf_dimension; .translate_netcdf_block; .validate_netcdf_file_identity; .validate_netcdf_physical_schema; .validate_netcdf_storage; .with_netcdf_connection; no direct static test reference; no active documentation reference","Retain behavior; physical movement requires a later no-behavior-change commit."
".netcdf_scalar_string","R/backend-netcdf.R",".netcdf_file_identity; .new_netcdf_cube; .new_netcdf_storage; .resolve_netcdf_dimension; .validate_netcdf_file_identity; .with_netcdf_connection",".abort_badarg","backend/netcdf","static helper used by package functions","retain-internal","R/backend-netcdf.R",FALSE,FALSE,FALSE,"","low","R/backend-netcdf.R:7 verified top-level definition; static callers: .netcdf_file_identity; .new_netcdf_cube; .new_netcdf_storage; .resolve_netcdf_dimension; .validate_netcdf_file_identity; .with_netcdf_connection; no direct static test reference; no active documentation reference","Retain behavior; physical movement requires a later no-behavior-change commit."
".netcdf_attribute","R/backend-netcdf.R",".netcdf_dimension_metadata; .netcdf_variable_map","","backend/netcdf","static helper used by package functions","retain-internal","R/backend-netcdf.R",FALSE,FALSE,FALSE,"","low","R/backend-netcdf.R:25 verified top-level definition; static callers: .netcdf_dimension_metadata; .netcdf_variable_map; no direct static test reference; no active documentation reference","Retain behavior; physical movement requires a later no-behavior-change commit."
".netcdf_optional_string","R/backend-netcdf.R",".decode_netcdf_time; .netcdf_dimension_metadata; .netcdf_variable_map","","backend/netcdf","static helper used by package functions","retain-internal","R/backend-netcdf.R",FALSE,FALSE,FALSE,"","low","R/backend-netcdf.R:33 verified top-level definition; static callers: .decode_netcdf_time; .netcdf_dimension_metadata; .netcdf_variable_map; no direct static test reference; no active documentation reference","Retain behavior; physical movement requires a later no-behavior-change commit."
".netcdf_optional_number","R/backend-netcdf.R",".netcdf_variable_map","","backend/netcdf","static helper used by package functions","retain-internal","R/backend-netcdf.R",FALSE,FALSE,FALSE,"","low","R/backend-netcdf.R:40 verified top-level definition; static callers: .netcdf_variable_map; no direct static test reference; no active documentation reference","Retain behavior; physical movement requires a later no-behavior-change commit."
".netcdf_as_utc","R/backend-netcdf.R",".netcdf_file_identity; .new_netcdf_storage; .validate_netcdf_file_identity; cube_collect; cube_crop; cube_extract; cube_mask; cube_slice","","backend/netcdf","static helper used by package functions","retain-internal","R/backend-netcdf.R",FALSE,FALSE,FALSE,"","low","R/backend-netcdf.R:47 verified top-level definition; static callers: .netcdf_file_identity; .new_netcdf_storage; .validate_netcdf_file_identity; cube_collect; cube_crop; cube_extract; cube_mask; cube_slice; no direct static test reference; no active documentation reference","Retain behavior; physical movement requires a later no-behavior-change commit."
".with_netcdf_connection","R/backend-netcdf.R",".cube_read_spatial_pairs_netcdf; .new_netcdf_storage; .read_netcdf_index_plan",".abort_badarg; .netcdf_abort; .netcdf_scalar_string","backend/netcdf","static helper used by package functions","retain-internal","R/backend-netcdf.R",FALSE,FALSE,FALSE,"tests/testthat/test-backend-netcdf-read-block.R","low","R/backend-netcdf.R:55 verified top-level definition; static callers: .cube_read_spatial_pairs_netcdf; .new_netcdf_storage; .read_netcdf_index_plan; tests: tests/testthat/test-backend-netcdf-read-block.R; no active documentation reference","Retain behavior; physical movement requires a later no-behavior-change commit."
".netcdf_file_identity","R/backend-netcdf.R",".new_netcdf_storage",".netcdf_abort; .netcdf_as_utc; .netcdf_scalar_string","backend/netcdf","static helper used by package functions","retain-internal","R/backend-netcdf.R",FALSE,FALSE,FALSE,"","low","R/backend-netcdf.R:74 verified top-level definition; static callers: .new_netcdf_storage; no direct static test reference; no active documentation reference","Retain behavior; physical movement requires a later no-behavior-change commit."
".validate_netcdf_file_identity","R/backend-netcdf.R",".validate_netcdf_storage",".netcdf_abort; .netcdf_as_utc; .netcdf_scalar_string","backend/netcdf","static helper used by package functions","retain-internal","R/backend-netcdf.R",FALSE,FALSE,FALSE,"","low","R/backend-netcdf.R:119 verified top-level definition; static callers: .validate_netcdf_storage; no direct static test reference; no active documentation reference","Retain behavior; physical movement requires a later no-behavior-change commit."
".netcdf_dimension_metadata","R/backend-netcdf.R",".new_netcdf_storage",".netcdf_attribute; .netcdf_optional_string","backend/netcdf","static helper used by package functions","retain-internal","R/backend-netcdf.R",FALSE,FALSE,FALSE,"","low","R/backend-netcdf.R:192 verified top-level definition; static callers: .new_netcdf_storage; no direct static test reference; no active documentation reference","Retain behavior; physical movement requires a later no-behavior-change commit."
".netcdf_dimension_evidence","R/backend-netcdf.R",".resolve_netcdf_dimension","","backend/netcdf","static helper used by package functions","retain-internal","R/backend-netcdf.R",FALSE,FALSE,FALSE,"","low","R/backend-netcdf.R:218 verified top-level definition; static callers: .resolve_netcdf_dimension; no direct static test reference; no active documentation reference","Retain behavior; physical movement requires a later no-behavior-change commit."
".resolve_netcdf_dimension","R/backend-netcdf.R",".new_netcdf_storage",".netcdf_abort; .netcdf_dimension_evidence; .netcdf_scalar_string","backend/netcdf","static helper used by package functions","retain-internal","R/backend-netcdf.R",FALSE,FALSE,FALSE,"","low","R/backend-netcdf.R:265 verified top-level definition; static callers: .new_netcdf_storage; no direct static test reference; no active documentation reference","Retain behavior; physical movement requires a later no-behavior-change commit."
".read_netcdf_coordinate","R/backend-netcdf.R",".new_netcdf_storage","","backend/netcdf","static helper used by package functions","retain-internal","R/backend-netcdf.R",FALSE,FALSE,FALSE,"","low","R/backend-netcdf.R:356 verified top-level definition; static callers: .new_netcdf_storage; no direct static test reference; no active documentation reference","Retain behavior; physical movement requires a later no-behavior-change commit."
".decode_netcdf_time","R/backend-netcdf.R",".new_netcdf_storage",".netcdf_abort; .netcdf_optional_string","backend/netcdf","static helper used by package functions","retain-internal","R/backend-netcdf.R",FALSE,FALSE,FALSE,"","low","R/backend-netcdf.R:364 verified top-level definition; static callers: .new_netcdf_storage; no direct static test reference; no active documentation reference","Retain behavior; physical movement requires a later no-behavior-change commit."
".validate_netcdf_variables_argument","R/backend-netcdf.R",".new_netcdf_storage",".abort_badarg","backend/netcdf","static helper used by package functions","retain-internal","R/backend-netcdf.R",FALSE,FALSE,FALSE,"","low","R/backend-netcdf.R:431 verified top-level definition; static callers: .new_netcdf_storage; no direct static test reference; no active documentation reference","Retain behavior; physical movement requires a later no-behavior-change commit."
".netcdf_variable_map","R/backend-netcdf.R",".new_netcdf_storage",".netcdf_abort; .netcdf_attribute; .netcdf_optional_number; .netcdf_optional_string","backend/netcdf","static helper used by package functions","retain-internal","R/backend-netcdf.R",FALSE,FALSE,FALSE,"","low","R/backend-netcdf.R:447 verified top-level definition; static callers: .new_netcdf_storage; no direct static test reference; no active documentation reference","Retain behavior; physical movement requires a later no-behavior-change commit."
".netcdf_canonical_dimension","R/backend-netcdf.R",".new_netcdf_storage","","backend/netcdf","static helper used by package functions","retain-internal","R/backend-netcdf.R",FALSE,FALSE,FALSE,"","low","R/backend-netcdf.R:576 verified top-level definition; static callers: .new_netcdf_storage; no direct static test reference; no active documentation reference","Retain behavior; physical movement requires a later no-behavior-change commit."
".new_netcdf_storage","R/backend-netcdf.R","",".check_cube_coordinates; .cube_axis_names; .decode_netcdf_time; .netcdf_abort; .netcdf_as_utc; .netcdf_canonical_dimension; .netcdf_dimension_metadata; .netcdf_file_identity; .netcdf_scalar_string; .netcdf_variable_map; .read_netcdf_coordinate; .resolve_netcdf_dimension; .validate_netcdf_storage; .validate_netcdf_variables_argument; .with_netcdf_connection","backend/netcdf","helper exercised directly by tests","retain-internal","R/backend-netcdf.R",FALSE,FALSE,FALSE,"tests/testthat/test-backend-netcdf-descriptor.R; tests/testthat/test-backend-netcdf-noncontiguous.R; tests/testthat/test-backend-netcdf-read-block.R; tests/testthat/test-cube-collect.R; tests/testthat/test-cube-crop.R; tests/testthat/test-cube-extract.R; tests/testthat/test-cube-grid-geometry.R; tests/testthat/test-cube-mask.R; tests/testthat/test-cube-polygon-weights.R; tests/testthat/test-cube-slice.R; tests/testthat/test-cube-transect.R; tests/testthat/test-refactor-link-events-backend.R","low","R/backend-netcdf.R:593 verified top-level definition; no static caller; tests: tests/testthat/test-backend-netcdf-descriptor.R; tests/testthat/test-backend-netcdf-noncontiguous.R; tests/testthat/test-backend-netcdf-read-block.R; tests/testthat/test-cube-collect.R; tests/testthat/test-cube-crop.R; tests/testthat/test-cube-extract.R; tests/testthat/test-cube-grid-geometry.R; tests/testthat/test-cube-mask.R; tests/testthat/test-cube-polygon-weights.R; tests/testthat/test-cube-slice.R; tests/testthat/test-cube-transect.R; tests/testthat/test-refactor-link-events-backend.R; documentation: inst/examples/backend_netcdf_descriptor.R; inst/examples/backend_netcdf_read_block.R; inst/examples/cube_crop.R; inst/examples/cube_extract.R; inst/examples/cube_mask.R; inst/examples/cube_slice.R","Retain behavior; physical movement requires a later no-behavior-change commit."
".netcdf_contains_forbidden_object","R/backend-netcdf.R",".validate_netcdf_storage","","backend/netcdf","static helper used by package functions","retain-internal","R/backend-netcdf.R",FALSE,FALSE,FALSE,"tests/testthat/test-backend-netcdf-descriptor.R; tests/testthat/test-backend-netcdf-read-block.R","low","R/backend-netcdf.R:842 verified top-level definition; static callers: .validate_netcdf_storage; tests: tests/testthat/test-backend-netcdf-descriptor.R; tests/testthat/test-backend-netcdf-read-block.R; no active documentation reference","Retain behavior; physical movement requires a later no-behavior-change commit."
".validate_netcdf_storage","R/backend-netcdf.R",".check_cube; .cube_backend; .cube_read_spatial_pairs_netcdf; .cube_shape; .cube_storage_shape; .new_netcdf_cube; .new_netcdf_storage; .read_netcdf_index_plan",".cube_axis_names; .netcdf_abort; .netcdf_contains_forbidden_object; .validate_netcdf_file_identity","backend/netcdf","static helper used by package functions","retain-internal","R/backend-netcdf.R",FALSE,FALSE,FALSE,"tests/testthat/test-backend-netcdf-descriptor.R","low","R/backend-netcdf.R:853 verified top-level definition; static callers: .check_cube; .cube_backend; .cube_read_spatial_pairs_netcdf; .cube_shape; .cube_storage_shape; .new_netcdf_cube; .new_netcdf_storage; .read_netcdf_index_plan; tests: tests/testthat/test-backend-netcdf-descriptor.R; no active documentation reference","Retain behavior; physical movement requires a later no-behavior-change commit."
".translate_netcdf_block","R/backend-netcdf.R",".read_netcdf_variable_block","%||%; .netcdf_abort","backend/netcdf","static helper used by package functions","retain-internal","R/backend-netcdf.R",FALSE,FALSE,FALSE,"tests/testthat/test-backend-netcdf-read-block.R","low","R/backend-netcdf.R:1126 verified top-level definition; static callers: .read_netcdf_variable_block; tests: tests/testthat/test-backend-netcdf-read-block.R; documentation: inst/examples/backend_netcdf_read_block.R","Retain behavior; physical movement requires a later no-behavior-change commit."
".ncvar_get_block","R/backend-netcdf.R",".read_netcdf_variable_block",".netcdf_abort","backend/netcdf","static helper used by package functions","retain-internal","R/backend-netcdf.R",FALSE,FALSE,FALSE,"tests/testthat/test-backend-netcdf-read-block.R","low","R/backend-netcdf.R:1190 verified top-level definition; static callers: .read_netcdf_variable_block; tests: tests/testthat/test-backend-netcdf-read-block.R; no active documentation reference","Retain behavior; physical movement requires a later no-behavior-change commit."
".decode_netcdf_block","R/backend-netcdf.R",".read_netcdf_variable_block","","backend/netcdf","static helper used by package functions","retain-internal","R/backend-netcdf.R",FALSE,FALSE,FALSE,"","low","R/backend-netcdf.R:1214 verified top-level definition; static callers: .read_netcdf_variable_block; no direct static test reference; no active documentation reference","Retain behavior; physical movement requires a later no-behavior-change commit."
".validate_netcdf_physical_schema","R/backend-netcdf.R",".cube_read_spatial_pairs_netcdf; .read_netcdf_index_plan",".netcdf_abort","backend/netcdf","static helper used by package functions","retain-internal","R/backend-netcdf.R",FALSE,FALSE,FALSE,"tests/testthat/test-backend-netcdf-read-block.R","low","R/backend-netcdf.R:1235 verified top-level definition; static callers: .cube_read_spatial_pairs_netcdf; .read_netcdf_index_plan; tests: tests/testthat/test-backend-netcdf-read-block.R; no active documentation reference","Retain behavior; physical movement requires a later no-behavior-change commit."
".read_netcdf_variable_block","R/backend-netcdf.R",".cube_read_spatial_pairs_netcdf; .read_netcdf_index_plan",".decode_netcdf_block; .ncvar_get_block; .netcdf_abort; .translate_netcdf_block","backend/netcdf","static helper used by package functions","retain-internal","R/backend-netcdf.R",FALSE,FALSE,FALSE,"","low","R/backend-netcdf.R:1286 verified top-level definition; static callers: .cube_read_spatial_pairs_netcdf; .read_netcdf_index_plan; no direct static test reference; no active documentation reference","Retain behavior; physical movement requires a later no-behavior-change commit."
".netcdf_block_dimnames","R/backend-netcdf.R",".read_netcdf_index_plan",".cube_axis_names","backend/netcdf","static helper used by package functions","retain-internal","R/backend-netcdf.R",FALSE,FALSE,FALSE,"","low","R/backend-netcdf.R:1353 verified top-level definition; static callers: .read_netcdf_index_plan; no direct static test reference; no active documentation reference","Retain behavior; physical movement requires a later no-behavior-change commit."
".read_netcdf_index_plan","R/backend-netcdf.R",".cube_read_block_netcdf; .cube_read_netcdf",".netcdf_block_dimnames; .read_netcdf_variable_block; .validate_netcdf_physical_schema; .validate_netcdf_storage; .with_netcdf_connection","backend/netcdf","static helper used by package functions","retain-internal","R/backend-netcdf.R",FALSE,FALSE,FALSE,"","low","R/backend-netcdf.R:1366 verified top-level definition; static callers: .cube_read_block_netcdf; .cube_read_netcdf; no direct static test reference; no active documentation reference","Retain behavior; physical movement requires a later no-behavior-change commit."
".cube_read_block_netcdf","R/backend-netcdf.R",".cube_read_block",".check_cube; .cube_storage_shape; .plan_cube_index_read; .read_netcdf_index_plan; .validate_cube_block","backend/netcdf","static helper used by package functions","retain-internal","R/backend-netcdf.R",FALSE,FALSE,FALSE,"","low","R/backend-netcdf.R:1416 verified top-level definition; static callers: .cube_read_block; no direct static test reference; no active documentation reference","Retain behavior; physical movement requires a later no-behavior-change commit."
".cube_read_netcdf","R/backend-netcdf.R",".cube_read",".abort_badarg; .check_cube; .plan_cube_index_read; .read_netcdf_index_plan","backend/netcdf","static helper used by package functions","retain-internal","R/backend-netcdf.R",FALSE,FALSE,FALSE,"","low","R/backend-netcdf.R:1427 verified top-level definition; static callers: .cube_read; no direct static test reference; no active documentation reference","Retain behavior; physical movement requires a later no-behavior-change commit."
".cube_read_spatial_pairs_netcdf","R/backend-netcdf.R",".cube_read_spatial_pairs",".check_cube; .read_netcdf_variable_block; .spatial_pair_map; .validate_netcdf_physical_schema; .validate_netcdf_storage; .validate_spatial_pair_read; .with_netcdf_connection","backend/netcdf","static helper used by package functions","retain-internal","R/backend-netcdf.R",FALSE,FALSE,FALSE,"","low","R/backend-netcdf.R:1443 verified top-level definition; static callers: .cube_read_spatial_pairs; no direct static test reference; no active documentation reference","Retain behavior; physical movement requires a later no-behavior-change commit."
".new_netcdf_cube","R/backend-netcdf.R","","%||%; .check_cube; .netcdf_scalar_string; .validate_netcdf_storage","backend/netcdf","helper exercised directly by tests","retain-internal","R/backend-netcdf.R",FALSE,FALSE,FALSE,"tests/testthat/test-backend-netcdf-descriptor.R; tests/testthat/test-backend-netcdf-noncontiguous.R; tests/testthat/test-backend-netcdf-read-block.R; tests/testthat/test-cube-collect.R; tests/testthat/test-cube-crop.R; tests/testthat/test-cube-extract.R; tests/testthat/test-cube-grid-geometry.R; tests/testthat/test-cube-mask.R; tests/testthat/test-cube-polygon-weights.R; tests/testthat/test-cube-slice.R; tests/testthat/test-cube-transect.R; tests/testthat/test-refactor-link-events-backend.R","low","R/backend-netcdf.R:1538 verified top-level definition; no static caller; tests: tests/testthat/test-backend-netcdf-descriptor.R; tests/testthat/test-backend-netcdf-noncontiguous.R; tests/testthat/test-backend-netcdf-read-block.R; tests/testthat/test-cube-collect.R; tests/testthat/test-cube-crop.R; tests/testthat/test-cube-extract.R; tests/testthat/test-cube-grid-geometry.R; tests/testthat/test-cube-mask.R; tests/testthat/test-cube-polygon-weights.R; tests/testthat/test-cube-slice.R; tests/testthat/test-cube-transect.R; tests/testthat/test-refactor-link-events-backend.R; documentation: inst/examples/backend_netcdf_descriptor.R; inst/examples/backend_netcdf_read_block.R; inst/examples/cube_crop.R; inst/examples/cube_extract.R; inst/examples/cube_mask.R; inst/examples/cube_slice.R","Retain behavior; physical movement requires a later no-behavior-change commit."
"print.ocean_clim","R/clim_day.R","","%||%","climatology","registered S3 method","retain-internal","R/clim_day.R",FALSE,FALSE,FALSE,"","high","R/clim_day.R:117 verified top-level definition; no static caller; no direct static test reference; no active documentation reference; NAMESPACE S3method registration","Retain behavior; physical movement requires a later no-behavior-change commit."
".daily_keys","R/clim_day.R","clim_day","","climatology","static helper used by package functions","retain-internal","R/clim_day.R",FALSE,FALSE,FALSE,"","low","R/clim_day.R:127 verified top-level definition; static callers: clim_day; no direct static test reference; no active documentation reference","Retain behavior; physical movement requires a later no-behavior-change commit."
".date_key","R/clim_day.R",".clim_index; clim_day","","climatology","static helper used by package functions","retain-internal","R/clim_day.R",FALSE,FALSE,FALSE,"","low","R/clim_day.R:136 verified top-level definition; static callers: .clim_index; clim_day; no direct static test reference; no active documentation reference","Retain behavior; physical movement requires a later no-behavior-change commit."
".cube_estimated_bytes","R/cube_collect.R","cube_collect",".cube_product_as_double; .cube_shape","extraction","static helper used by package functions","retain-internal","R/cube_collect.R",FALSE,FALSE,FALSE,"tests/testthat/test-cube-collect.R","low","R/cube_collect.R:89 verified top-level definition; static callers: cube_collect; tests: tests/testthat/test-cube-collect.R; documentation: inst/examples/noncontiguous_collect.R","Retain behavior; physical movement requires a later no-behavior-change commit."
".resolve_crop_bbox","R/cube_crop.R","cube_crop",".abort_badarg","selection","static helper used by package functions","retain-internal","R/cube_crop.R",FALSE,FALSE,FALSE,"","low","R/cube_crop.R:149 verified top-level definition; static callers: cube_crop; no direct static test reference; no active documentation reference","Retain behavior; physical movement requires a later no-behavior-change commit."
".resolve_cube_crop","R/cube_crop.R","cube_crop",".cube_axis_names; .cube_shape; .resolve_numeric_crop_range; .resolve_selected_variables; .resolve_time_crop_range; .validate_cube_index","selection","static helper used by package functions","retain-internal","R/cube_crop.R",FALSE,FALSE,FALSE,"tests/testthat/test-cube-crop.R","low","R/cube_crop.R:203 verified top-level definition; static callers: cube_crop; tests: tests/testthat/test-cube-crop.R; no active documentation reference","Retain behavior; physical movement requires a later no-behavior-change commit."
".validate_numeric_crop_range","R/cube_crop.R",".resolve_numeric_crop_range",".abort_badarg","selection","static helper used by package functions","retain-internal","R/cube_crop.R",FALSE,FALSE,FALSE,"","low","R/cube_crop.R:263 verified top-level definition; static callers: .resolve_numeric_crop_range; no direct static test reference; no active documentation reference","Retain behavior; physical movement requires a later no-behavior-change commit."
".crop_range_outside","R/cube_crop.R",".resolve_numeric_crop_range; .resolve_time_crop_range",".slice_format_values","selection","static helper used by package functions","retain-internal","R/cube_crop.R",FALSE,FALSE,FALSE,"","low","R/cube_crop.R:288 verified top-level definition; static callers: .resolve_numeric_crop_range; .resolve_time_crop_range; no direct static test reference; no active documentation reference","Retain behavior; physical movement requires a later no-behavior-change commit."
".crop_range_no_overlap","R/cube_crop.R",".resolve_numeric_crop_range; .resolve_time_crop_range",".slice_format_values","selection","static helper used by package functions","retain-internal","R/cube_crop.R",FALSE,FALSE,FALSE,"","low","R/cube_crop.R:303 verified top-level definition; static callers: .resolve_numeric_crop_range; .resolve_time_crop_range; no direct static test reference; no active documentation reference","Retain behavior; physical movement requires a later no-behavior-change commit."
".crop_range_no_coordinates","R/cube_crop.R",".resolve_numeric_crop_range; .resolve_time_crop_range",".slice_format_values","selection","static helper used by package functions","retain-internal","R/cube_crop.R",FALSE,FALSE,FALSE,"","low","R/cube_crop.R:318 verified top-level definition; static callers: .resolve_numeric_crop_range; .resolve_time_crop_range; no direct static test reference; no active documentation reference","Retain behavior; physical movement requires a later no-behavior-change commit."
".resolve_numeric_crop_range","R/cube_crop.R",".resolve_cube_crop",".abort_badarg; .crop_range_no_coordinates; .crop_range_no_overlap; .crop_range_outside; .validate_numeric_crop_range","selection","static helper used by package functions","retain-internal","R/cube_crop.R",FALSE,FALSE,FALSE,"","low","R/cube_crop.R:331 verified top-level definition; static callers: .resolve_cube_crop; no direct static test reference; no active documentation reference","Retain behavior; physical movement requires a later no-behavior-change commit."
".crop_time_class","R/cube_crop.R",".resolve_time_crop_range","","selection","static helper used by package functions","retain-internal","R/cube_crop.R",FALSE,FALSE,FALSE,"","low","R/cube_crop.R:399 verified top-level definition; static callers: .resolve_time_crop_range; no direct static test reference; no active documentation reference","Retain behavior; physical movement requires a later no-behavior-change commit."
".crop_posix_timezone","R/cube_crop.R",".resolve_time_crop_range","","selection","static helper used by package functions","retain-internal","R/cube_crop.R",FALSE,FALSE,FALSE,"","low","R/cube_crop.R:411 verified top-level definition; static callers: .resolve_time_crop_range; no direct static test reference; no active documentation reference","Retain behavior; physical movement requires a later no-behavior-change commit."
".resolve_time_crop_range","R/cube_crop.R",".resolve_cube_crop",".abort_badarg; .crop_posix_timezone; .crop_range_no_coordinates; .crop_range_no_overlap; .crop_range_outside; .crop_time_class","selection","static helper used by package functions","retain-internal","R/cube_crop.R",FALSE,FALSE,FALSE,"tests/testthat/test-cube-crop.R","low","R/cube_crop.R:419 verified top-level definition; static callers: .resolve_cube_crop; tests: tests/testthat/test-cube-crop.R; no active documentation reference","Retain behavior; physical movement requires a later no-behavior-change commit."
".validate_extract_flag","R/cube_extract.R","cube_extract; cube_transect",".abort_badarg","extraction","static helper used by package functions","retain-internal","R/cube_extract.R",FALSE,FALSE,FALSE,"","low","R/cube_extract.R:259 verified top-level definition; static callers: cube_extract; cube_transect; no direct static test reference; no active documentation reference","Retain behavior; physical movement requires a later no-behavior-change commit."
".validate_extract_mode","R/cube_extract.R","cube_extract","","extraction","static helper used by package functions","retain-internal","R/cube_extract.R",FALSE,FALSE,FALSE,"","low","R/cube_extract.R:266 verified top-level definition; static callers: cube_extract; no direct static test reference; no active documentation reference","Retain behavior; physical movement requires a later no-behavior-change commit."
".estimate_cube_extract","R/cube_extract.R","cube_extract",".cube_product_as_double","extraction","static helper used by package functions","retain-internal","R/cube_extract.R",FALSE,FALSE,FALSE,"","low","R/cube_extract.R:303 verified top-level definition; static callers: cube_extract; no direct static test reference; no active documentation reference","Retain behavior; physical movement requires a later no-behavior-change commit."
".extract_cube_coordinates","R/cube_extract.R",".extract_selected_coordinates","","extraction","static helper used by package functions","retain-internal","R/cube_extract.R",FALSE,FALSE,FALSE,"","low","R/cube_extract.R:351 verified top-level definition; static callers: .extract_selected_coordinates; no direct static test reference; no active documentation reference","Retain behavior; physical movement requires a later no-behavior-change commit."
".extract_selected_coordinates","R/cube_extract.R",".cube_extract_long; .cube_extract_wide; .validate_extract_wide; cube_extract",".extract_cube_coordinates","extraction","static helper used by package functions","retain-internal","R/cube_extract.R",FALSE,FALSE,FALSE,"","low","R/cube_extract.R:361 verified top-level definition; static callers: .cube_extract_long; .cube_extract_wide; .validate_extract_wide; cube_extract; no direct static test reference; no active documentation reference","Retain behavior; physical movement requires a later no-behavior-change commit."
".extract_table_units","R/cube_extract.R","cube_extract; cube_transect",".selection_units","extraction","static helper used by package functions","retain-internal","R/cube_extract.R",FALSE,FALSE,FALSE,"","low","R/cube_extract.R:365 verified top-level definition; static callers: cube_extract; cube_transect; no direct static test reference; no active documentation reference","Retain behavior; physical movement requires a later no-behavior-change commit."
".extract_local_indices","R/cube_extract.R",".cube_extract_long; .cube_extract_wide",".cube_axis_names","extraction","static helper used by package functions","retain-internal","R/cube_extract.R",FALSE,FALSE,FALSE,"","low","R/cube_extract.R:384 verified top-level definition; static callers: .cube_extract_long; .cube_extract_wide; no direct static test reference; no active documentation reference","Retain behavior; physical movement requires a later no-behavior-change commit."
".append_extract_indices","R/cube_extract.R",".cube_extract_long; .cube_extract_wide","","extraction","static helper used by package functions","retain-internal","R/cube_extract.R",FALSE,FALSE,FALSE,"","low","R/cube_extract.R:392 verified top-level definition; static callers: .cube_extract_long; .cube_extract_wide; no direct static test reference; no active documentation reference","Retain behavior; physical movement requires a later no-behavior-change commit."
".append_extract_distances","R/cube_extract.R",".cube_extract_long; .cube_extract_wide","","extraction","static helper used by package functions","retain-internal","R/cube_extract.R",FALSE,FALSE,FALSE,"","low","R/cube_extract.R:400 verified top-level definition; static callers: .cube_extract_long; .cube_extract_wide; no direct static test reference; no active documentation reference","Retain behavior; physical movement requires a later no-behavior-change commit."
".cube_extract_long","R/cube_extract.R","cube_extract",".append_extract_distances; .append_extract_indices; .cube_axis_names; .extract_local_indices; .extract_selected_coordinates","extraction","static helper used by package functions","retain-internal","R/cube_extract.R",FALSE,FALSE,FALSE,"","low","R/cube_extract.R:412 verified top-level definition; static callers: cube_extract; no direct static test reference; no active documentation reference","Retain behavior; physical movement requires a later no-behavior-change commit."
".validate_extract_wide","R/cube_extract.R","cube_extract",".abort_badarg; .cube_axis_names; .extract_selected_coordinates","extraction","static helper used by package functions","retain-internal","R/cube_extract.R",FALSE,FALSE,FALSE,"","low","R/cube_extract.R:447 verified top-level definition; static callers: cube_extract; no direct static test reference; no active documentation reference","Retain behavior; physical movement requires a later no-behavior-change commit."
".cube_extract_wide","R/cube_extract.R","cube_extract",".append_extract_distances; .append_extract_indices; .cube_axis_names; .extract_local_indices; .extract_selected_coordinates","extraction","static helper used by package functions","retain-internal","R/cube_extract.R",FALSE,FALSE,FALSE,"","low","R/cube_extract.R:486 verified top-level definition; static callers: cube_extract; no direct static test reference; no active documentation reference","Retain behavior; physical movement requires a later no-behavior-change commit."
".with_s2_geometry","R/cube_grid_geometry.R","cube_cell_area; cube_polygon_weights","","geometry/masks","static helper used by package functions","retain-internal","R/cube_grid_geometry.R",FALSE,FALSE,FALSE,"","low","R/cube_grid_geometry.R:114 verified top-level definition; static callers: cube_cell_area; cube_polygon_weights; no direct static test reference; no active documentation reference","Retain behavior; physical movement requires a later no-behavior-change commit."
".cube_horizontal_geometry","R/cube_grid_geometry.R","cube_cell_area; cube_polygon_weights",".cube_axis_bounds","geometry/masks","static helper used by package functions","retain-internal","R/cube_grid_geometry.R",FALSE,FALSE,FALSE,"","low","R/cube_grid_geometry.R:127 verified top-level definition; static callers: cube_cell_area; cube_polygon_weights; no direct static test reference; no active documentation reference","Retain behavior; physical movement requires a later no-behavior-change commit."
".cube_axis_bounds","R/cube_grid_geometry.R",".cube_horizontal_geometry",".abort_badarg; .axis_bounds_metadata; .bounds_to_pairs; .validate_geometry_axis","geometry/masks","static helper used by package functions","retain-internal","R/cube_grid_geometry.R",FALSE,FALSE,FALSE,"","low","R/cube_grid_geometry.R:159 verified top-level definition; static callers: .cube_horizontal_geometry; no direct static test reference; no active documentation reference","Retain behavior; physical movement requires a later no-behavior-change commit."
".validate_geometry_axis","R/cube_grid_geometry.R",".cube_axis_bounds; .cube_vertical_geometry",".abort_badarg","geometry/masks","static helper used by package functions","retain-internal","R/cube_grid_geometry.R",FALSE,FALSE,FALSE,"","low","R/cube_grid_geometry.R:236 verified top-level definition; static callers: .cube_axis_bounds; .cube_vertical_geometry; no direct static test reference; no active documentation reference","Retain behavior; physical movement requires a later no-behavior-change commit."
".axis_bounds_metadata","R/cube_grid_geometry.R",".cube_axis_bounds","","geometry/masks","static helper used by package functions","retain-internal","R/cube_grid_geometry.R",FALSE,FALSE,FALSE,"","low","R/cube_grid_geometry.R:264 verified top-level definition; static callers: .cube_axis_bounds; no direct static test reference; no active documentation reference","Retain behavior; physical movement requires a later no-behavior-change commit."
".bounds_to_pairs","R/cube_grid_geometry.R",".cube_axis_bounds; .cube_vertical_geometry",".abort_badarg","geometry/masks","static helper used by package functions","retain-internal","R/cube_grid_geometry.R",FALSE,FALSE,FALSE,"","low","R/cube_grid_geometry.R:292 verified top-level definition; static callers: .cube_axis_bounds; .cube_vertical_geometry; no direct static test reference; no active documentation reference","Retain behavior; physical movement requires a later no-behavior-change commit."
".cube_vertical_geometry","R/cube_grid_geometry.R","cube_layer_thickness; cube_polygon_weights",".abort_badarg; .bounds_to_pairs; .depth_conversion_factor; .validate_geometry_axis; .vertical_bounds_metadata","geometry/masks","static helper used by package functions","retain-internal","R/cube_grid_geometry.R",FALSE,FALSE,FALSE,"","low","R/cube_grid_geometry.R:315 verified top-level definition; static callers: cube_layer_thickness; cube_polygon_weights; no direct static test reference; no active documentation reference","Retain behavior; physical movement requires a later no-behavior-change commit."
".vertical_bounds_metadata","R/cube_grid_geometry.R",".cube_vertical_geometry","%||%; .normalize_depth_unit","geometry/masks","static helper used by package functions","retain-internal","R/cube_grid_geometry.R",FALSE,FALSE,FALSE,"","low","R/cube_grid_geometry.R:371 verified top-level definition; static callers: .cube_vertical_geometry; no direct static test reference; no active documentation reference","Retain behavior; physical movement requires a later no-behavior-change commit."
".normalize_depth_unit","R/cube_grid_geometry.R",".vertical_bounds_metadata",".abort_badarg","geometry/masks","static helper used by package functions","retain-internal","R/cube_grid_geometry.R",FALSE,FALSE,FALSE,"","low","R/cube_grid_geometry.R:418 verified top-level definition; static callers: .vertical_bounds_metadata; no direct static test reference; no active documentation reference","Retain behavior; physical movement requires a later no-behavior-change commit."
".depth_conversion_factor","R/cube_grid_geometry.R",".cube_vertical_geometry; cube_layer_thickness; cube_polygon_weights",".abort_badarg","geometry/masks","static helper used by package functions","retain-internal","R/cube_grid_geometry.R",FALSE,FALSE,FALSE,"","low","R/cube_grid_geometry.R:440 verified top-level definition; static callers: .cube_vertical_geometry; cube_layer_thickness; cube_polygon_weights; no direct static test reference; no active documentation reference","Retain behavior; physical movement requires a later no-behavior-change commit."
".normalize_polygon_geometry","R/cube_mask.R","cube_mask; cube_polygon_weights","%||%; .abort_badarg; .polygon_crosses_antimeridian","geometry/masks","static helper used by package functions","retain-internal","R/cube_mask.R",FALSE,FALSE,FALSE,"","low","R/cube_mask.R:186 verified top-level definition; static callers: cube_mask; cube_polygon_weights; no direct static test reference; no active documentation reference","Retain behavior; physical movement requires a later no-behavior-change commit."
".polygon_crosses_antimeridian","R/cube_mask.R",".normalize_polygon_geometry","","geometry/masks","static helper used by package functions","retain-internal","R/cube_mask.R",FALSE,FALSE,FALSE,"","low","R/cube_mask.R:327 verified top-level definition; static callers: .normalize_polygon_geometry; no direct static test reference; no active documentation reference","Retain behavior; physical movement requires a later no-behavior-change commit."
".cube_cell_centers","R/cube_mask.R","cube_mask","","geometry/masks","static helper used by package functions","retain-internal","R/cube_mask.R",FALSE,FALSE,FALSE,"","low","R/cube_mask.R:340 verified top-level definition; static callers: cube_mask; no direct static test reference; no active documentation reference","Retain behavior; physical movement requires a later no-behavior-change commit."
".classify_cell_centers","R/cube_mask.R","cube_mask","","geometry/masks","static helper used by package functions","retain-internal","R/cube_mask.R",FALSE,FALSE,FALSE,"","low","R/cube_mask.R:354 verified top-level definition; static callers: cube_mask; no direct static test reference; no active documentation reference","Retain behavior; physical movement requires a later no-behavior-change commit."
".combine_cube_masks","R/cube_mask.R","cube_mask","","geometry/masks","static helper used by package functions","retain-internal","R/cube_mask.R",FALSE,FALSE,FALSE,"","low","R/cube_mask.R:378 verified top-level definition; static callers: cube_mask; no direct static test reference; no active documentation reference","Retain behavior; physical movement requires a later no-behavior-change commit."
".typed_missing","R/cube_mask.R",".apply_cube_mask_5d; .read_masked_cube_values","","geometry/masks","static helper used by package functions","retain-internal","R/cube_mask.R",FALSE,FALSE,FALSE,"","low","R/cube_mask.R:406 verified top-level definition; static callers: .apply_cube_mask_5d; .read_masked_cube_values; no direct static test reference; no active documentation reference","Retain behavior; physical movement requires a later no-behavior-change commit."
".canonical_cube_dimnames","R/cube_mask.R",".read_masked_cube_values; cube_mask","","geometry/masks","static helper used by package functions","retain-internal","R/cube_mask.R",FALSE,FALSE,FALSE,"","low","R/cube_mask.R:419 verified top-level definition; static callers: .read_masked_cube_values; cube_mask; no direct static test reference; no active documentation reference","Retain behavior; physical movement requires a later no-behavior-change commit."
".apply_cube_mask_5d","R/cube_mask.R","cube_mask",".abort_badarg; .typed_missing","geometry/masks","static helper used by package functions","retain-internal","R/cube_mask.R",FALSE,FALSE,FALSE,"","low","R/cube_mask.R:429 verified top-level definition; static callers: cube_mask; no direct static test reference; no active documentation reference","Retain behavior; physical movement requires a later no-behavior-change commit."
".plan_masked_cube_read","R/cube_mask.R","cube_mask",".cube_axis_names; .cube_shape","geometry/masks","static helper used by package functions","retain-internal","R/cube_mask.R",FALSE,FALSE,FALSE,"","low","R/cube_mask.R:458 verified top-level definition; static callers: cube_mask; no direct static test reference; no active documentation reference","Retain behavior; physical movement requires a later no-behavior-change commit."
".read_masked_cube_values","R/cube_mask.R","cube_mask",".canonical_cube_dimnames; .cube_read; .cube_shape; .typed_missing","geometry/masks","static helper used by package functions","retain-internal","R/cube_mask.R",FALSE,FALSE,FALSE,"","low","R/cube_mask.R:520 verified top-level definition; static callers: cube_mask; no direct static test reference; no active documentation reference","Retain behavior; physical movement requires a later no-behavior-change commit."
".mask_coverage","R/cube_mask.R","cube_mask","","geometry/masks","static helper used by package functions","retain-internal","R/cube_mask.R",FALSE,FALSE,FALSE,"","low","R/cube_mask.R:544 verified top-level definition; static callers: cube_mask; no direct static test reference; no active documentation reference","Retain behavior; physical movement requires a later no-behavior-change commit."
".new_polygon_ocean_mask","R/cube_mask.R","cube_mask","","geometry/masks","static helper used by package functions","retain-internal","R/cube_mask.R",FALSE,FALSE,FALSE,"","low","R/cube_mask.R:569 verified top-level definition; static callers: cube_mask; no direct static test reference; no active documentation reference","Retain behavior; physical movement requires a later no-behavior-change commit."
".polygon_feature_ids","R/cube_polygon_weights.R","cube_polygon_weights",".abort_badarg","geometry/masks","static helper used by package functions","retain-internal","R/cube_polygon_weights.R",FALSE,FALSE,FALSE,"","low","R/cube_polygon_weights.R:116 verified top-level definition; static callers: cube_polygon_weights; no direct static test reference; no active documentation reference","Retain behavior; physical movement requires a later no-behavior-change commit."
".polygon_cell_intersections","R/cube_polygon_weights.R","cube_polygon_weights","","geometry/masks","static helper used by package functions","retain-internal","R/cube_polygon_weights.R",FALSE,FALSE,FALSE,"","low","R/cube_polygon_weights.R:143 verified top-level definition; static callers: cube_polygon_weights; no direct static test reference; no active documentation reference","Retain behavior; physical movement requires a later no-behavior-change commit."
".polygon_weight_table","R/cube_polygon_weights.R","cube_polygon_weights","","geometry/masks","static helper used by package functions","retain-internal","R/cube_polygon_weights.R",FALSE,FALSE,FALSE,"","low","R/cube_polygon_weights.R:214 verified top-level definition; static callers: cube_polygon_weights; no direct static test reference; no active documentation reference","Retain behavior; physical movement requires a later no-behavior-change commit."
".polygon_feature_coverage","R/cube_polygon_weights.R","cube_polygon_weights","","geometry/masks","static helper used by package functions","retain-internal","R/cube_polygon_weights.R",FALSE,FALSE,FALSE,"","low","R/cube_polygon_weights.R:262 verified top-level definition; static callers: cube_polygon_weights; no direct static test reference; no active documentation reference","Retain behavior; physical movement requires a later no-behavior-change commit."
".add_polygon_coverage_columns","R/cube_polygon_weights.R","cube_polygon_weights","","geometry/masks","static helper used by package functions","retain-internal","R/cube_polygon_weights.R",FALSE,FALSE,FALSE,"","low","R/cube_polygon_weights.R:291 verified top-level definition; static callers: cube_polygon_weights; no direct static test reference; no active documentation reference","Retain behavior; physical movement requires a later no-behavior-change commit."
".expand_polygon_weights_depth","R/cube_polygon_weights.R","cube_polygon_weights","","geometry/masks","static helper used by package functions","retain-internal","R/cube_polygon_weights.R",FALSE,FALSE,FALSE,"","low","R/cube_polygon_weights.R:301 verified top-level definition; static callers: cube_polygon_weights; no direct static test reference; no active documentation reference","Retain behavior; physical movement requires a later no-behavior-change commit."
".resolve_cube_slice","R/cube_slice.R",".plan_cube_transect; cube_extract; cube_slice",".abort_badarg; .cube_axis_names; .cube_shape; .resolve_axis_values; .resolve_selected_variables; .resolve_time_values; .validate_cube_index; .validate_slice_tolerance","selection","static helper used by package functions","retain-internal","R/cube_slice.R",FALSE,FALSE,FALSE,"tests/testthat/test-cube-slice.R","low","R/cube_slice.R:173 verified top-level definition; static callers: .plan_cube_transect; cube_extract; cube_slice; tests: tests/testthat/test-cube-slice.R; no active documentation reference","Retain behavior; physical movement requires a later no-behavior-change commit."
".validate_slice_selector_vector","R/cube_slice.R",".resolve_axis_values; .resolve_selected_variables; .resolve_time_values",".abort_badarg","selection","static helper used by package functions","retain-internal","R/cube_slice.R",FALSE,FALSE,FALSE,"","low","R/cube_slice.R:255 verified top-level definition; static callers: .resolve_axis_values; .resolve_selected_variables; .resolve_time_values; no direct static test reference; no active documentation reference","Retain behavior; physical movement requires a later no-behavior-change commit."
".slice_format_values","R/cube_slice.R",".crop_range_no_coordinates; .crop_range_no_overlap; .crop_range_outside; .slice_beyond_tolerance; .slice_not_found; .slice_outside_domain","","selection","static helper used by package functions","retain-internal","R/cube_slice.R",FALSE,FALSE,FALSE,"","low","R/cube_slice.R:265 verified top-level definition; static callers: .crop_range_no_coordinates; .crop_range_no_overlap; .crop_range_outside; .slice_beyond_tolerance; .slice_not_found; .slice_outside_domain; no direct static test reference; no active documentation reference","Retain behavior; physical movement requires a later no-behavior-change commit."
".slice_outside_domain","R/cube_slice.R",".resolve_axis_values; .resolve_time_values",".slice_format_values","selection","static helper used by package functions","retain-internal","R/cube_slice.R",FALSE,FALSE,FALSE,"","low","R/cube_slice.R:269 verified top-level definition; static callers: .resolve_axis_values; .resolve_time_values; no direct static test reference; no active documentation reference","Retain behavior; physical movement requires a later no-behavior-change commit."
".slice_not_found","R/cube_slice.R",".resolve_axis_values; .resolve_time_values",".slice_format_values","selection","static helper used by package functions","retain-internal","R/cube_slice.R",FALSE,FALSE,FALSE,"","low","R/cube_slice.R:282 verified top-level definition; static callers: .resolve_axis_values; .resolve_time_values; no direct static test reference; no active documentation reference","Retain behavior; physical movement requires a later no-behavior-change commit."
".slice_beyond_tolerance","R/cube_slice.R",".resolve_axis_values; .resolve_time_values",".slice_format_values","selection","static helper used by package functions","retain-internal","R/cube_slice.R",FALSE,FALSE,FALSE,"","low","R/cube_slice.R:293 verified top-level definition; static callers: .resolve_axis_values; .resolve_time_values; no direct static test reference; no active documentation reference","Retain behavior; physical movement requires a later no-behavior-change commit."
".resolve_axis_values","R/cube_slice.R",".resolve_cube_slice; .transect_resolve_spatial",".abort_badarg; .slice_beyond_tolerance; .slice_not_found; .slice_outside_domain; .validate_slice_selector_vector","selection","static helper used by package functions","retain-internal","R/cube_slice.R",FALSE,FALSE,FALSE,"","low","R/cube_slice.R:304 verified top-level definition; static callers: .resolve_cube_slice; .transect_resolve_spatial; no direct static test reference; no active documentation reference","Retain behavior; physical movement requires a later no-behavior-change commit."
".slice_time_numeric","R/cube_slice.R",".resolve_time_values","","selection","static helper used by package functions","retain-internal","R/cube_slice.R",FALSE,FALSE,FALSE,"","low","R/cube_slice.R:368 verified top-level definition; static callers: .resolve_time_values; no direct static test reference; no active documentation reference","Retain behavior; physical movement requires a later no-behavior-change commit."
".resolve_time_values","R/cube_slice.R",".resolve_cube_slice",".abort_badarg; .slice_beyond_tolerance; .slice_not_found; .slice_outside_domain; .slice_time_numeric; .validate_slice_selector_vector","selection","static helper used by package functions","retain-internal","R/cube_slice.R",FALSE,FALSE,FALSE,"","low","R/cube_slice.R:384 verified top-level definition; static callers: .resolve_cube_slice; no direct static test reference; no active documentation reference","Retain behavior; physical movement requires a later no-behavior-change commit."
".resolve_selected_variables","R/cube_slice.R",".resolve_cube_crop; .resolve_cube_slice",".abort_badarg; .validate_slice_selector_vector","selection","static helper used by package functions","retain-internal","R/cube_slice.R",FALSE,FALSE,FALSE,"","low","R/cube_slice.R:458 verified top-level definition; static callers: .resolve_cube_crop; .resolve_cube_slice; no direct static test reference; no active documentation reference","Retain behavior; physical movement requires a later no-behavior-change commit."
".validate_slice_tolerance","R/cube_slice.R",".plan_cube_transect; .resolve_cube_slice",".abort_badarg","selection","static helper used by package functions","retain-internal","R/cube_slice.R",FALSE,FALSE,FALSE,"","low","R/cube_slice.R:497 verified top-level definition; static callers: .plan_cube_transect; .resolve_cube_slice; no direct static test reference; no active documentation reference","Retain behavior; physical movement requires a later no-behavior-change commit."
".selection_units","R/cube_slice.R",".extract_table_units; cube_crop; cube_slice","","selection","static helper used by package functions","retain-internal","R/cube_slice.R",FALSE,FALSE,FALSE,"","low","R/cube_slice.R:567 verified top-level definition; static callers: .extract_table_units; cube_crop; cube_slice; no direct static test reference; no active documentation reference","Retain behavior; physical movement requires a later no-behavior-change commit."
".selection_contains_dimensional_data","R/cube_slice.R",".selection_auxiliary_components; cube_mask","","selection","static helper used by package functions","retain-internal","R/cube_slice.R",FALSE,FALSE,FALSE,"","low","R/cube_slice.R:575 verified top-level definition; static callers: .selection_auxiliary_components; cube_mask; no direct static test reference; no active documentation reference","Retain behavior; physical movement requires a later no-behavior-change commit."
".selection_auxiliary_components","R/cube_slice.R","cube_crop; cube_slice",".selection_contains_dimensional_data","selection","static helper used by package functions","retain-internal","R/cube_slice.R",FALSE,FALSE,FALSE,"","low","R/cube_slice.R:581 verified top-level definition; static callers: cube_crop; cube_slice; no direct static test reference; no active documentation reference","Retain behavior; physical movement requires a later no-behavior-change commit."
".transect_scalar_column","R/cube_transect.R",".plan_cube_transect",".abort_badarg","extraction","static helper used by package functions","retain-internal","R/cube_transect.R",FALSE,FALSE,FALSE,"","low","R/cube_transect.R:180 verified top-level definition; static callers: .plan_cube_transect; no direct static test reference; no active documentation reference","Retain behavior; physical movement requires a later no-behavior-change commit."
".transect_point_label","R/cube_transect.R",".plan_cube_transect; .transect_resolve_spatial","","extraction","static helper used by package functions","retain-internal","R/cube_transect.R",FALSE,FALSE,FALSE,"","low","R/cube_transect.R:188 verified top-level definition; static callers: .plan_cube_transect; .transect_resolve_spatial; no direct static test reference; no active documentation reference","Retain behavior; physical movement requires a later no-behavior-change commit."
".transect_resolve_spatial","R/cube_transect.R",".plan_cube_transect",".resolve_axis_values; .transect_point_label","extraction","static helper used by package functions","retain-internal","R/cube_transect.R",FALSE,FALSE,FALSE,"","low","R/cube_transect.R:192 verified top-level definition; static callers: .plan_cube_transect; no direct static test reference; no active documentation reference","Retain behavior; physical movement requires a later no-behavior-change commit."
".plan_cube_transect","R/cube_transect.R","cube_transect",".abort_badarg; .resolve_cube_slice; .spatial_pair_map; .transect_cumulative_distance; .transect_mode; .transect_point_label; .transect_resolve_spatial; .transect_scalar_column; .transect_validate_antimeridian; .validate_slice_tolerance","extraction","static helper used by package functions","retain-internal","R/cube_transect.R",FALSE,FALSE,FALSE,"","low","R/cube_transect.R:220 verified top-level definition; static callers: cube_transect; no direct static test reference; no active documentation reference","Retain behavior; physical movement requires a later no-behavior-change commit."
".transect_mode","R/cube_transect.R",".plan_cube_transect","","extraction","static helper used by package functions","retain-internal","R/cube_transect.R",FALSE,FALSE,FALSE,"","low","R/cube_transect.R:398 verified top-level definition; static callers: .plan_cube_transect; no direct static test reference; no active documentation reference","Retain behavior; physical movement requires a later no-behavior-change commit."
".transect_validate_antimeridian","R/cube_transect.R",".plan_cube_transect","","extraction","static helper used by package functions","retain-internal","R/cube_transect.R",FALSE,FALSE,FALSE,"","low","R/cube_transect.R:427 verified top-level definition; static callers: .plan_cube_transect; no direct static test reference; no active documentation reference","Retain behavior; physical movement requires a later no-behavior-change commit."
".transect_cumulative_distance","R/cube_transect.R",".plan_cube_transect","","extraction","static helper used by package functions","retain-internal","R/cube_transect.R",FALSE,FALSE,FALSE,"","low","R/cube_transect.R:445 verified top-level definition; static callers: .plan_cube_transect; no direct static test reference; no active documentation reference","Retain behavior; physical movement requires a later no-behavior-change commit."
".cube_transect_long","R/cube_transect.R","cube_transect","","extraction","static helper used by package functions","retain-internal","R/cube_transect.R",FALSE,FALSE,FALSE,"","low","R/cube_transect.R:459 verified top-level definition; static callers: cube_transect; no direct static test reference; no active documentation reference","Retain behavior; physical movement requires a later no-behavior-change commit."
".cube_transect_wide","R/cube_transect.R","cube_transect","","extraction","static helper used by package functions","retain-internal","R/cube_transect.R",FALSE,FALSE,FALSE,"","low","R/cube_transect.R:502 verified top-level definition; static callers: cube_transect; no direct static test reference; no active documentation reference","Retain behavior; physical movement requires a later no-behavior-change commit."
".read_event_values","R/link_events.R","link_events",".cube_read","matching","static helper used by package functions","retain-internal","R/link_events.R",FALSE,FALSE,FALSE,"","low","R/link_events.R:108 verified top-level definition; static callers: link_events; no direct static test reference; no active documentation reference","Retain behavior; physical movement requires a later no-behavior-change commit."
".nearest_index","R/link_events.R","link_events","","matching","static helper used by package functions","retain-internal","R/link_events.R",FALSE,FALSE,FALSE,"","low","R/link_events.R:124 verified top-level definition; static callers: link_events; no direct static test reference; no active documentation reference","Retain behavior; physical movement requires a later no-behavior-change commit."
".nearest_date_index","R/link_events.R","link_events","","matching","static helper used by package functions","retain-internal","R/link_events.R",FALSE,FALSE,FALSE,"","low","R/link_events.R:131 verified top-level definition; static callers: link_events; no direct static test reference; no active documentation reference","Retain behavior; physical movement requires a later no-behavior-change commit."
"print.ocean_cube","R/ocean_cube.R","",".check_cube; .cube_shape","core-object","registered S3 method","retain-internal","R/ocean_cube.R",FALSE,FALSE,FALSE,"","high","R/ocean_cube.R:174 verified top-level definition; no static caller; no direct static test reference; no active documentation reference; NAMESPACE S3method registration","Retain behavior; physical movement requires a later no-behavior-change commit."
"summary.ocean_cube","R/ocean_cube.R","",".check_cube","core-object","registered S3 method","retain-internal","R/ocean_cube.R",FALSE,FALSE,FALSE,"","high","R/ocean_cube.R:193 verified top-level definition; no static caller; no direct static test reference; no active documentation reference; NAMESPACE S3method registration","Retain behavior; physical movement requires a later no-behavior-change commit."
"print.ocean_mask","R/stock_mask.R","","%||%","geometry/masks","registered S3 method","retain-internal","R/stock_mask.R",FALSE,FALSE,FALSE,"","high","R/stock_mask.R:60 verified top-level definition; no static caller; no direct static test reference; no active documentation reference; NAMESPACE S3method registration","Retain behavior; physical movement requires a later no-behavior-change commit."
"%||%","R/utils-internal.R",".anom_from_clim; .clim_index; .new_netcdf_cube; .normalize_polygon_geometry; .translate_netcdf_block; .vertical_bounds_metadata; annual_index; cube_layer_thickness; download_nc; link_events; ocean_cube; print.ocean_clim; print.ocean_mask; read_nc","","internal-utils","static helper used by package functions","retain-internal","R/utils-internal.R",FALSE,FALSE,FALSE,"","low","R/utils-internal.R:1 verified top-level definition; static callers: .anom_from_clim; .clim_index; .new_netcdf_cube; .normalize_polygon_geometry; .translate_netcdf_block; .vertical_bounds_metadata; annual_index; cube_layer_thickness; download_nc; link_events; ocean_cube; print.ocean_clim; print.ocean_mask; read_nc; no direct static test reference; no active documentation reference","Retain behavior; physical movement requires a later no-behavior-change commit."
".abort_badarg","R/utils-internal.R",".apply_cube_mask_5d; .bounds_to_pairs; .check_cube; .check_cube_coordinates; .check_cube_dimensions; .check_numeric_vector; .check_range; .cube_axis_bounds; .cube_read; .cube_read_netcdf; .cube_vertical_geometry; .cube_write_block; .depth_conversion_factor; .depth_edges; .netcdf_scalar_string; .normalize_depth_unit; .normalize_polygon_geometry; .plan_cube_transect; .polygon_feature_ids; .resolve_axis_values; .resolve_crop_bbox; .resolve_cube_slice; .resolve_numeric_crop_range; .resolve_selected_variables; .resolve_time_crop_range; .resolve_time_values; .transect_scalar_column; .validate_cube_block_vector; .validate_cube_index; .validate_cube_position; .validate_extract_flag; .validate_extract_wide; .validate_geometry_axis; .validate_memory_backend; .validate_netcdf_variables_argument; .validate_numeric_crop_range; .validate_slice_selector_vector; .validate_slice_tolerance; .validate_spatial_pair_read; .with_netcdf_connection; clim_day; clim_month; coast_dist; cube_extract; cube_polygon_weights; cube_slice; cube_transect; download_nc; layer_mean; link_events; ocean_cube; read_nc","","internal-utils","static helper used by package functions","retain-internal","R/utils-internal.R",FALSE,FALSE,FALSE,"","low","R/utils-internal.R:5 verified top-level definition; static callers: .apply_cube_mask_5d; .bounds_to_pairs; .check_cube; .check_cube_coordinates; .check_cube_dimensions; .check_numeric_vector; .check_range; .cube_axis_bounds; .cube_read; .cube_read_netcdf; .cube_vertical_geometry; .cube_write_block; .depth_conversion_factor; .depth_edges; .netcdf_scalar_string; .normalize_depth_unit; .normalize_polygon_geometry; .plan_cube_transect; .polygon_feature_ids; .resolve_axis_values; .resolve_crop_bbox; .resolve_cube_slice; .resolve_numeric_crop_range; .resolve_selected_variables; .resolve_time_crop_range; .resolve_time_values; .transect_scalar_column; .validate_cube_block_vector; .validate_cube_index; .validate_cube_position; .validate_extract_flag; .validate_extract_wide; .validate_geometry_axis; .validate_memory_backend; .validate_netcdf_variables_argument; .validate_numeric_crop_range; .validate_slice_selector_vector; .validate_slice_tolerance; .validate_spatial_pair_read; .with_netcdf_connection; clim_day; clim_month; coast_dist; cube_extract; cube_polygon_weights; cube_slice; cube_transect; download_nc; layer_mean; link_events; ocean_cube; read_nc; no direct static test reference; no active documentation reference","Retain behavior; physical movement requires a later no-behavior-change commit."
".message_info","R/utils-internal.R","cm_connect; cm_setup; download_nc","","internal-utils","static helper used by package functions","retain-internal","R/utils-internal.R",FALSE,FALSE,FALSE,"","low","R/utils-internal.R:12 verified top-level definition; static callers: cm_connect; cm_setup; download_nc; no direct static test reference; no active documentation reference","Retain behavior; physical movement requires a later no-behavior-change commit."
".message_done","R/utils-internal.R","cm_connect; cm_setup; download_nc","","internal-utils","static helper used by package functions","retain-internal","R/utils-internal.R",FALSE,FALSE,FALSE,"","low","R/utils-internal.R:16 verified top-level definition; static callers: cm_connect; cm_setup; download_nc; no direct static test reference; no active documentation reference","Retain behavior; physical movement requires a later no-behavior-change commit."
".check_numeric_vector","R/utils-internal.R",".check_cube_coordinates; .check_range; .depth_edges; layer_mean",".abort_badarg","internal-utils","static helper used by package functions","retain-internal","R/utils-internal.R",FALSE,FALSE,FALSE,"","low","R/utils-internal.R:20 verified top-level definition; static callers: .check_cube_coordinates; .check_range; .depth_edges; layer_mean; no direct static test reference; no active documentation reference","Retain behavior; physical movement requires a later no-behavior-change commit."
".check_range","R/utils-internal.R","download_nc; stock_mask",".abort_badarg; .check_numeric_vector","internal-utils","static helper used by package functions","retain-internal","R/utils-internal.R",FALSE,FALSE,FALSE,"","low","R/utils-internal.R:30 verified top-level definition; static callers: download_nc; stock_mask; no direct static test reference; no active documentation reference","Retain behavior; physical movement requires a later no-behavior-change commit."
".check_cube_coordinates","R/utils-internal.R",".check_cube; .cube_shape; .new_netcdf_storage; ocean_cube",".abort_badarg; .check_numeric_vector","internal-utils","static helper used by package functions","retain-internal","R/utils-internal.R",FALSE,FALSE,FALSE,"","low","R/utils-internal.R:41 verified top-level definition; static callers: .check_cube; .cube_shape; .new_netcdf_storage; ocean_cube; no direct static test reference; no active documentation reference","Retain behavior; physical movement requires a later no-behavior-change commit."
".check_cube_dimensions","R/utils-internal.R","ocean_cube",".abort_badarg","internal-utils","static helper used by package functions","retain-internal","R/utils-internal.R",FALSE,FALSE,FALSE,"","low","R/utils-internal.R:111 verified top-level definition; static callers: ocean_cube; no direct static test reference; no active documentation reference","Retain behavior; physical movement requires a later no-behavior-change commit."
".cube_shape","R/utils-internal.R",".cube_estimated_bytes; .plan_cube_index_read; .plan_masked_cube_read; .read_masked_cube_values; .resolve_cube_crop; .resolve_cube_slice; .validate_spatial_pair_read; annual_index; clim_day; clim_month; coast_dist; crop_stock; cube_collect; layer_mean; print.ocean_cube; to_month",".check_cube_coordinates; .cube_axis_names; .validate_netcdf_storage","internal-utils","static helper used by package functions","retain-internal","R/utils-internal.R",FALSE,FALSE,FALSE,"tests/testthat/test-backend-netcdf-descriptor.R; tests/testthat/test-backend-netcdf-noncontiguous.R; tests/testthat/test-backend-netcdf-read-block.R; tests/testthat/test-cube-collect.R; tests/testthat/test-cube-crop.R; tests/testthat/test-cube-extract.R; tests/testthat/test-cube-mask.R; tests/testthat/test-cube-slice.R; tests/testthat/test-refactor-coast-dist-backend.R; tests/testthat/test-refactor-temporal-backend.R","low","R/utils-internal.R:151 verified top-level definition; static callers: .cube_estimated_bytes; .plan_cube_index_read; .plan_masked_cube_read; .read_masked_cube_values; .resolve_cube_crop; .resolve_cube_slice; .validate_spatial_pair_read; annual_index; clim_day; clim_month; coast_dist; crop_stock; cube_collect; layer_mean; print.ocean_cube; to_month; tests: tests/testthat/test-backend-netcdf-descriptor.R; tests/testthat/test-backend-netcdf-noncontiguous.R; tests/testthat/test-backend-netcdf-read-block.R; tests/testthat/test-cube-collect.R; tests/testthat/test-cube-crop.R; tests/testthat/test-cube-extract.R; tests/testthat/test-cube-mask.R; tests/testthat/test-cube-slice.R; tests/testthat/test-refactor-coast-dist-backend.R; tests/testthat/test-refactor-temporal-backend.R; documentation: inst/examples/backend_netcdf_descriptor.R; inst/examples/backend_netcdf_read_block.R; inst/examples/cube_extract.R; inst/examples/cube_mask.R; inst/examples/refactor_coast_dist_backend.R; man/cube_collect.Rd","Retain behavior; physical movement requires a later no-behavior-change commit."
".check_cube","R/utils-internal.R",".anom_from_clim; .cube_read_block_netcdf; .cube_read_netcdf; .cube_read_spatial_pairs_netcdf; .cube_write_block; .new_collected_memory_cube; .new_netcdf_cube; .new_selected_memory_cube; .require_memory_backend; annual_index; clim_day; clim_month; coast_dist; crop_stock; cube_cell_area; cube_cell_volume; cube_collect; cube_crop; cube_extract; cube_layer_thickness; cube_mask; cube_polygon_weights; cube_slice; cube_transect; layer_mean; link_events; ocean_cube; print.ocean_cube; stock_mask; summary.ocean_cube; to_month",".abort_badarg; .check_cube_coordinates; .cube_axis_names; .cube_backend; .validate_memory_backend; .validate_netcdf_storage","internal-utils","static helper used by package functions","retain-internal","R/utils-internal.R",FALSE,FALSE,FALSE,"tests/testthat/test-backend-memory.R; tests/testthat/test-backend-netcdf-descriptor.R; tests/testthat/test-cube-collect.R; tests/testthat/test-cube-crop.R; tests/testthat/test-cube-extract.R; tests/testthat/test-cube-slice.R; tests/testthat/test-ocean-cube-contract.R; tests/testthat/test-refactor-coast-dist-backend.R","low","R/utils-internal.R:199 verified top-level definition; static callers: .anom_from_clim; .cube_read_block_netcdf; .cube_read_netcdf; .cube_read_spatial_pairs_netcdf; .cube_write_block; .new_collected_memory_cube; .new_netcdf_cube; .new_selected_memory_cube; .require_memory_backend; annual_index; clim_day; clim_month; coast_dist; crop_stock; cube_cell_area; cube_cell_volume; cube_collect; cube_crop; cube_extract; cube_layer_thickness; cube_mask; cube_polygon_weights; cube_slice; cube_transect; layer_mean; link_events; ocean_cube; print.ocean_cube; stock_mask; summary.ocean_cube; to_month; tests: tests/testthat/test-backend-memory.R; tests/testthat/test-backend-netcdf-descriptor.R; tests/testthat/test-cube-collect.R; tests/testthat/test-cube-crop.R; tests/testthat/test-cube-extract.R; tests/testthat/test-cube-slice.R; tests/testthat/test-ocean-cube-contract.R; tests/testthat/test-refactor-coast-dist-backend.R; documentation: inst/examples/backend_memory.R; inst/examples/ocean_cube_contract.R","Retain behavior; physical movement requires a later no-behavior-change commit."
".safe_mean","R/utils-internal.R","clim_day; clim_month","","internal-utils","static helper used by package functions","retain-internal","R/utils-internal.R",FALSE,FALSE,FALSE,"","low","R/utils-internal.R:315 verified top-level definition; static callers: clim_day; clim_month; no direct static test reference; no active documentation reference","Retain behavior; physical movement requires a later no-behavior-change commit."
".safe_sd","R/utils-internal.R","clim_day; clim_month","","internal-utils","static helper used by package functions","retain-internal","R/utils-internal.R",FALSE,FALSE,FALSE,"","low","R/utils-internal.R:321 verified top-level definition; static callers: clim_day; clim_month; no direct static test reference; no active documentation reference","Retain behavior; physical movement requires a later no-behavior-change commit."
".weighted_mean","R/utils-internal.R","layer_mean","","internal-utils","static helper used by package functions","retain-internal","R/utils-internal.R",FALSE,FALSE,FALSE,"","low","R/utils-internal.R:327 verified top-level definition; static callers: layer_mean; no direct static test reference; no active documentation reference","Retain behavior; physical movement requires a later no-behavior-change commit."
".depth_edges","R/utils-internal.R","layer_mean",".abort_badarg; .check_numeric_vector","internal-utils","static helper used by package functions","retain-internal","R/utils-internal.R",FALSE,FALSE,FALSE,"","low","R/utils-internal.R:333 verified top-level definition; static callers: layer_mean; no direct static test reference; no active documentation reference","Retain behavior; physical movement requires a later no-behavior-change commit."
".depth_weights","R/utils-internal.R","layer_mean","","internal-utils","static helper used by package functions","retain-internal","R/utils-internal.R",FALSE,FALSE,FALSE,"","low","R/utils-internal.R:344 verified top-level definition; static callers: layer_mean; no direct static test reference; no active documentation reference","Retain behavior; physical movement requires a later no-behavior-change commit."
".guess_dim","R/utils-internal.R","read_nc","","internal-utils","static helper used by package functions","retain-internal","R/utils-internal.R",FALSE,FALSE,FALSE,"","low","R/utils-internal.R:348 verified top-level definition; static callers: read_nc; no direct static test reference; no active documentation reference","Retain behavior; physical movement requires a later no-behavior-change commit."
".read_cf_time","R/utils-internal.R","read_nc","","internal-utils","static helper used by package functions","retain-internal","R/utils-internal.R",FALSE,FALSE,FALSE,"","low","R/utils-internal.R:359 verified top-level definition; static callers: read_nc; no direct static test reference; no active documentation reference","Retain behavior; physical movement requires a later no-behavior-change commit."
".make_filename","R/utils-internal.R","download_nc","","internal-utils","static helper used by package functions","retain-internal","R/utils-internal.R",FALSE,FALSE,FALSE,"","low","R/utils-internal.R:390 verified top-level definition; static callers: download_nc; no direct static test reference; no active documentation reference","Retain behavior; physical movement requires a later no-behavior-change commit."
".make_provenance","R/utils-internal.R",".anom_from_clim; clim_day; clim_month; coast_dist; crop_stock; layer_mean; read_nc; to_month","","internal-utils","static helper used by package functions","retain-internal","R/utils-internal.R",FALSE,FALSE,FALSE,"","low","R/utils-internal.R:407 verified top-level definition; static callers: .anom_from_clim; clim_day; clim_month; coast_dist; crop_stock; layer_mean; read_nc; to_month; no direct static test reference; no active documentation reference","Retain behavior; physical movement requires a later no-behavior-change commit."
