"function_name","source_file","line_start","line_end","exported","s3_method","s3_generic","visibility","module_current","direct_call_count","called_by_count","tests_found","documentation_found","examples_found","roadmap_0.2_status","recommended_action","proposed_name","evidence","notes"
"%||%","R/utils-internal.R",1,3,FALSE,FALSE,"","internal","internal-utils",0,14,0,0,0,"internalize","internalize","%||%","R/utils-internal.R:1-3; not exported by NAMESPACE; no direct-call test file found","Static counts exclude dynamic dispatch."
".abort_badarg","R/utils-internal.R",5,10,FALSE,FALSE,"","internal","internal-utils",0,52,0,0,0,"internalize","internalize",".abort_badarg","R/utils-internal.R:5-10; not exported by NAMESPACE; no direct-call test file found","Static counts exclude dynamic dispatch."
".add_polygon_coverage_columns","R/cube_polygon_weights.R",291,299,FALSE,FALSE,"","internal","geometry/masks",0,1,0,0,0,"internalize","internalize",".add_polygon_coverage_columns","R/cube_polygon_weights.R:291-299; not exported by NAMESPACE; no direct-call test file found","Static counts exclude dynamic dispatch."
".anom_from_clim","R/anom_diff.R",35,134,FALSE,FALSE,"","internal","anomaly",6,3,0,0,0,"internalize","internalize",".anom_from_clim","R/anom_diff.R:35-134; not exported by NAMESPACE; no direct-call test file found","Static counts exclude dynamic dispatch."
".append_extract_distances","R/cube_extract.R",400,410,FALSE,FALSE,"","internal","extraction",0,2,0,0,0,"internalize","internalize",".append_extract_distances","R/cube_extract.R:400-410; not exported by NAMESPACE; no direct-call test file found","Static counts exclude dynamic dispatch."
".append_extract_indices","R/cube_extract.R",392,398,FALSE,FALSE,"","internal","extraction",0,2,0,0,0,"internalize","internalize",".append_extract_indices","R/cube_extract.R:392-398; not exported by NAMESPACE; no direct-call test file found","Static counts exclude dynamic dispatch."
".apply_cube_mask_5d","R/cube_mask.R",429,456,FALSE,FALSE,"","internal","geometry/masks",2,1,0,0,0,"internalize","internalize",".apply_cube_mask_5d","R/cube_mask.R:429-456; not exported by NAMESPACE; no direct-call test file found","Static counts exclude dynamic dispatch."
".axis_bounds_metadata","R/cube_grid_geometry.R",264,290,FALSE,FALSE,"","internal","geometry/masks",0,1,0,0,0,"internalize","internalize",".axis_bounds_metadata","R/cube_grid_geometry.R:264-290; not exported by NAMESPACE; no direct-call test file found","Static counts exclude dynamic dispatch."
".bounds_to_pairs","R/cube_grid_geometry.R",292,313,FALSE,FALSE,"","internal","geometry/masks",1,2,0,0,0,"internalize","internalize",".bounds_to_pairs","R/cube_grid_geometry.R:292-313; not exported by NAMESPACE; no direct-call test file found","Static counts exclude dynamic dispatch."
".canonical_cube_dimnames","R/cube_mask.R",419,427,FALSE,FALSE,"","internal","geometry/masks",0,2,0,0,0,"internalize","internalize",".canonical_cube_dimnames","R/cube_mask.R:419-427; not exported by NAMESPACE; no direct-call test file found","Static counts exclude dynamic dispatch."
".check_cube","R/utils-internal.R",199,313,FALSE,FALSE,"","internal","internal-utils",6,31,8,2,2,"internalize","internalize",".check_cube","R/utils-internal.R:199-313; not exported by NAMESPACE; direct-call test files: 8","Static counts exclude dynamic dispatch."
".check_cube_coordinates","R/utils-internal.R",41,109,FALSE,FALSE,"","internal","internal-utils",2,4,0,0,0,"internalize","internalize",".check_cube_coordinates","R/utils-internal.R:41-109; not exported by NAMESPACE; no direct-call test file found","Static counts exclude dynamic dispatch."
".check_cube_dimensions","R/utils-internal.R",111,149,FALSE,FALSE,"","internal","internal-utils",1,1,0,0,0,"internalize","internalize",".check_cube_dimensions","R/utils-internal.R:111-149; not exported by NAMESPACE; no direct-call test file found","Static counts exclude dynamic dispatch."
".check_numeric_vector","R/utils-internal.R",20,28,FALSE,FALSE,"","internal","internal-utils",1,4,0,0,0,"internalize","internalize",".check_numeric_vector","R/utils-internal.R:20-28; not exported by NAMESPACE; no direct-call test file found","Static counts exclude dynamic dispatch."
".check_range","R/utils-internal.R",30,39,FALSE,FALSE,"","internal","internal-utils",2,2,0,0,0,"internalize","internalize",".check_range","R/utils-internal.R:30-39; not exported by NAMESPACE; no direct-call test file found","Static counts exclude dynamic dispatch."
".classify_cell_centers","R/cube_mask.R",354,376,FALSE,FALSE,"","internal","geometry/masks",0,1,0,0,0,"internalize","internalize",".classify_cell_centers","R/cube_mask.R:354-376; not exported by NAMESPACE; no direct-call test file found","Static counts exclude dynamic dispatch."
".clim_index","R/anom_diff.R",136,148,FALSE,FALSE,"","internal","anomaly",2,1,0,0,0,"internalize","internalize",".clim_index","R/anom_diff.R:136-148; not exported by NAMESPACE; no direct-call test file found","Static counts exclude dynamic dispatch."
".combine_cube_masks","R/cube_mask.R",378,404,FALSE,FALSE,"","internal","geometry/masks",0,1,0,0,0,"internalize","internalize",".combine_cube_masks","R/cube_mask.R:378-404; not exported by NAMESPACE; no direct-call test file found","Static counts exclude dynamic dispatch."
".crop_posix_timezone","R/cube_crop.R",411,417,FALSE,FALSE,"","internal","selection",0,1,0,0,0,"internalize","internalize",".crop_posix_timezone","R/cube_crop.R:411-417; not exported by NAMESPACE; no direct-call test file found","Static counts exclude dynamic dispatch."
".crop_range_no_coordinates","R/cube_crop.R",318,329,FALSE,FALSE,"","internal","selection",1,2,0,0,0,"internalize","internalize",".crop_range_no_coordinates","R/cube_crop.R:318-329; not exported by NAMESPACE; no direct-call test file found","Static counts exclude dynamic dispatch."
".crop_range_no_overlap","R/cube_crop.R",303,316,FALSE,FALSE,"","internal","selection",1,2,0,0,0,"internalize","internalize",".crop_range_no_overlap","R/cube_crop.R:303-316; not exported by NAMESPACE; no direct-call test file found","Static counts exclude dynamic dispatch."
".crop_range_outside","R/cube_crop.R",288,301,FALSE,FALSE,"","internal","selection",1,2,0,0,0,"internalize","internalize",".crop_range_outside","R/cube_crop.R:288-301; not exported by NAMESPACE; no direct-call test file found","Static counts exclude dynamic dispatch."
".crop_time_class","R/cube_crop.R",399,409,FALSE,FALSE,"","internal","selection",0,1,0,0,0,"internalize","internalize",".crop_time_class","R/cube_crop.R:399-409; not exported by NAMESPACE; no direct-call test file found","Static counts exclude dynamic dispatch."
".cube_axis_bounds","R/cube_grid_geometry.R",159,234,FALSE,FALSE,"","internal","geometry/masks",4,1,0,0,0,"internalize","internalize",".cube_axis_bounds","R/cube_grid_geometry.R:159-234; not exported by NAMESPACE; no direct-call test file found","Static counts exclude dynamic dispatch."
".cube_axis_names","R/backend-memory.R",3,5,FALSE,FALSE,"","internal","backend/netcdf",0,19,5,0,0,"internalize","internalize",".cube_axis_names","R/backend-memory.R:3-5; not exported by NAMESPACE; direct-call test files: 5","Static counts exclude dynamic dispatch."
".cube_backend","R/backend-memory.R",7,42,FALSE,FALSE,"","internal","backend/netcdf",1,13,12,12,12,"internalize","internalize",".cube_backend","R/backend-memory.R:7-42; not exported by NAMESPACE; direct-call test files: 12","Static counts exclude dynamic dispatch."
".cube_cell_centers","R/cube_mask.R",340,352,FALSE,FALSE,"","internal","geometry/masks",0,1,0,0,0,"internalize","internalize",".cube_cell_centers","R/cube_mask.R:340-352; not exported by NAMESPACE; no direct-call test file found","Static counts exclude dynamic dispatch."
".cube_estimated_bytes","R/cube_collect.R",89,109,FALSE,FALSE,"","internal","extraction",2,1,1,1,1,"internalize","internalize",".cube_estimated_bytes","R/cube_collect.R:89-109; not exported by NAMESPACE; direct-call test files: 1","Static counts exclude dynamic dispatch."
".cube_extract_long","R/cube_extract.R",412,445,FALSE,FALSE,"","internal","extraction",5,1,0,0,0,"internalize","internalize",".cube_extract_long","R/cube_extract.R:412-445; not exported by NAMESPACE; no direct-call test file found","Static counts exclude dynamic dispatch."
".cube_extract_wide","R/cube_extract.R",486,527,FALSE,FALSE,"","internal","extraction",5,1,0,0,0,"internalize","internalize",".cube_extract_wide","R/cube_extract.R:486-527; not exported by NAMESPACE; no direct-call test file found","Static counts exclude dynamic dispatch."
".cube_horizontal_geometry","R/cube_grid_geometry.R",127,157,FALSE,FALSE,"","internal","geometry/masks",1,2,0,0,0,"internalize","internalize",".cube_horizontal_geometry","R/cube_grid_geometry.R:127-157; not exported by NAMESPACE; no direct-call test file found","Static counts exclude dynamic dispatch."
".cube_product_as_double","R/backend-index.R",3,29,FALSE,FALSE,"","internal","backend/netcdf",0,3,0,0,0,"internalize","internalize",".cube_product_as_double","R/backend-index.R:3-29; not exported by NAMESPACE; no direct-call test file found","Static counts exclude dynamic dispatch."
".cube_read","R/backend-memory.R",295,322,FALSE,FALSE,"","internal","backend/netcdf",5,14,11,12,10,"internalize","internalize",".cube_read","R/backend-memory.R:295-322; not exported by NAMESPACE; direct-call test files: 11","Static counts exclude dynamic dispatch."
".cube_read_block","R/backend-memory.R",324,337,FALSE,FALSE,"","internal","backend/netcdf",6,0,3,2,2,"internalize","internalize",".cube_read_block","R/backend-memory.R:324-337; not exported by NAMESPACE; direct-call test files: 3","Static counts exclude dynamic dispatch."
".cube_read_block_netcdf","R/backend-netcdf.R",1416,1425,FALSE,FALSE,"","internal","backend/netcdf",5,1,0,0,0,"internalize","internalize",".cube_read_block_netcdf","R/backend-netcdf.R:1416-1425; not exported by NAMESPACE; no direct-call test file found","Static counts exclude dynamic dispatch."
".cube_read_netcdf","R/backend-netcdf.R",1427,1441,FALSE,FALSE,"","internal","backend/netcdf",4,1,0,0,0,"internalize","internalize",".cube_read_netcdf","R/backend-netcdf.R:1427-1441; not exported by NAMESPACE; no direct-call test file found","Static counts exclude dynamic dispatch."
".cube_read_spatial_pairs","R/backend-index.R",106,126,FALSE,FALSE,"","internal","backend/netcdf",3,1,0,0,0,"internalize","internalize",".cube_read_spatial_pairs","R/backend-index.R:106-126; not exported by NAMESPACE; no direct-call test file found","Static counts exclude dynamic dispatch."
".cube_read_spatial_pairs_memory","R/backend-memory.R",339,392,FALSE,FALSE,"","internal","backend/netcdf",3,1,0,0,0,"internalize","internalize",".cube_read_spatial_pairs_memory","R/backend-memory.R:339-392; not exported by NAMESPACE; no direct-call test file found","Static counts exclude dynamic dispatch."
".cube_read_spatial_pairs_netcdf","R/backend-netcdf.R",1443,1536,FALSE,FALSE,"","internal","backend/netcdf",7,1,0,0,0,"internalize","internalize",".cube_read_spatial_pairs_netcdf","R/backend-netcdf.R:1443-1536; not exported by NAMESPACE; no direct-call test file found","Static counts exclude dynamic dispatch."
".cube_shape","R/utils-internal.R",151,197,FALSE,FALSE,"","internal","internal-utils",3,16,10,6,5,"internalize","internalize",".cube_shape","R/utils-internal.R:151-197; not exported by NAMESPACE; direct-call test files: 10","Static counts exclude dynamic dispatch."
".cube_storage_shape","R/backend-memory.R",90,104,FALSE,FALSE,"","internal","backend/netcdf",3,2,2,1,1,"internalize","internalize",".cube_storage_shape","R/backend-memory.R:90-104; not exported by NAMESPACE; direct-call test files: 2","Static counts exclude dynamic dispatch."
".cube_transect_long","R/cube_transect.R",459,500,FALSE,FALSE,"","internal","extraction",0,1,0,0,0,"internalize","internalize",".cube_transect_long","R/cube_transect.R:459-500; not exported by NAMESPACE; no direct-call test file found","Static counts exclude dynamic dispatch."
".cube_transect_wide","R/cube_transect.R",502,535,FALSE,FALSE,"","internal","extraction",0,1,0,0,0,"internalize","internalize",".cube_transect_wide","R/cube_transect.R:502-535; not exported by NAMESPACE; no direct-call test file found","Static counts exclude dynamic dispatch."
".cube_vertical_geometry","R/cube_grid_geometry.R",315,369,FALSE,FALSE,"","internal","geometry/masks",5,2,0,0,0,"internalize","internalize",".cube_vertical_geometry","R/cube_grid_geometry.R:315-369; not exported by NAMESPACE; no direct-call test file found","Static counts exclude dynamic dispatch."
".cube_write_block","R/backend-memory.R",394,480,FALSE,FALSE,"","internal","backend/netcdf",5,0,5,5,5,"internalize","internalize",".cube_write_block","R/backend-memory.R:394-480; not exported by NAMESPACE; direct-call test files: 5","Static counts exclude dynamic dispatch."
".daily_keys","R/clim_day.R",127,134,FALSE,FALSE,"","internal","climatology",0,1,0,0,0,"internalize","internalize",".daily_keys","R/clim_day.R:127-134; not exported by NAMESPACE; no direct-call test file found","Static counts exclude dynamic dispatch."
".date_key","R/clim_day.R",136,149,FALSE,FALSE,"","internal","climatology",0,2,0,0,0,"internalize","internalize",".date_key","R/clim_day.R:136-149; not exported by NAMESPACE; no direct-call test file found","Static counts exclude dynamic dispatch."
".decode_netcdf_block","R/backend-netcdf.R",1214,1233,FALSE,FALSE,"","internal","backend/netcdf",0,1,0,0,0,"internalize","internalize",".decode_netcdf_block","R/backend-netcdf.R:1214-1233; not exported by NAMESPACE; no direct-call test file found","Static counts exclude dynamic dispatch."
".decode_netcdf_time","R/backend-netcdf.R",364,429,FALSE,FALSE,"","internal","backend/netcdf",2,1,0,0,0,"internalize","internalize",".decode_netcdf_time","R/backend-netcdf.R:364-429; not exported by NAMESPACE; no direct-call test file found","Static counts exclude dynamic dispatch."
".depth_conversion_factor","R/cube_grid_geometry.R",440,463,FALSE,FALSE,"","internal","geometry/masks",1,3,0,0,0,"internalize","internalize",".depth_conversion_factor","R/cube_grid_geometry.R:440-463; not exported by NAMESPACE; no direct-call test file found","Static counts exclude dynamic dispatch."
".depth_edges","R/utils-internal.R",333,342,FALSE,FALSE,"","internal","internal-utils",2,1,0,0,0,"internalize","internalize",".depth_edges","R/utils-internal.R:333-342; not exported by NAMESPACE; no direct-call test file found","Static counts exclude dynamic dispatch."
".depth_weights","R/utils-internal.R",344,346,FALSE,FALSE,"","internal","internal-utils",0,1,0,0,0,"internalize","internalize",".depth_weights","R/utils-internal.R:344-346; not exported by NAMESPACE; no direct-call test file found","Static counts exclude dynamic dispatch."
".estimate_cube_extract","R/cube_extract.R",303,349,FALSE,FALSE,"","internal","extraction",1,1,0,0,0,"internalize","internalize",".estimate_cube_extract","R/cube_extract.R:303-349; not exported by NAMESPACE; no direct-call test file found","Static counts exclude dynamic dispatch."
".expand_polygon_weights_depth","R/cube_polygon_weights.R",301,317,FALSE,FALSE,"","internal","geometry/masks",0,1,0,0,0,"internalize","internalize",".expand_polygon_weights_depth","R/cube_polygon_weights.R:301-317; not exported by NAMESPACE; no direct-call test file found","Static counts exclude dynamic dispatch."
".extract_cube_coordinates","R/cube_extract.R",351,359,FALSE,FALSE,"","internal","extraction",0,1,0,0,0,"internalize","internalize",".extract_cube_coordinates","R/cube_extract.R:351-359; not exported by NAMESPACE; no direct-call test file found","Static counts exclude dynamic dispatch."
".extract_local_indices","R/cube_extract.R",384,390,FALSE,FALSE,"","internal","extraction",1,2,0,0,0,"internalize","internalize",".extract_local_indices","R/cube_extract.R:384-390; not exported by NAMESPACE; no direct-call test file found","Static counts exclude dynamic dispatch."
".extract_selected_coordinates","R/cube_extract.R",361,363,FALSE,FALSE,"","internal","extraction",1,4,0,0,0,"internalize","internalize",".extract_selected_coordinates","R/cube_extract.R:361-363; not exported by NAMESPACE; no direct-call test file found","Static counts exclude dynamic dispatch."
".extract_table_units","R/cube_extract.R",365,382,FALSE,FALSE,"","internal","extraction",1,2,0,0,0,"internalize","internalize",".extract_table_units","R/cube_extract.R:365-382; not exported by NAMESPACE; no direct-call test file found","Static counts exclude dynamic dispatch."
".guess_dim","R/utils-internal.R",348,357,FALSE,FALSE,"","internal","internal-utils",0,1,0,0,0,"internalize","internalize",".guess_dim","R/utils-internal.R:348-357; not exported by NAMESPACE; no direct-call test file found","Static counts exclude dynamic dispatch."
".make_filename","R/utils-internal.R",390,405,FALSE,FALSE,"","internal","internal-utils",0,1,0,0,0,"internalize","internalize",".make_filename","R/utils-internal.R:390-405; not exported by NAMESPACE; no direct-call test file found","Static counts exclude dynamic dispatch."
".make_provenance","R/utils-internal.R",407,419,FALSE,FALSE,"","internal","internal-utils",0,8,0,0,0,"internalize","internalize",".make_provenance","R/utils-internal.R:407-419; not exported by NAMESPACE; no direct-call test file found","Static counts exclude dynamic dispatch."
".mask_coverage","R/cube_mask.R",544,567,FALSE,FALSE,"","internal","geometry/masks",0,1,0,0,0,"internalize","internalize",".mask_coverage","R/cube_mask.R:544-567; not exported by NAMESPACE; no direct-call test file found","Static counts exclude dynamic dispatch."
".message_done","R/utils-internal.R",16,18,FALSE,FALSE,"","internal","internal-utils",0,3,0,0,0,"internalize","internalize",".message_done","R/utils-internal.R:16-18; not exported by NAMESPACE; no direct-call test file found","Static counts exclude dynamic dispatch."
".message_info","R/utils-internal.R",12,14,FALSE,FALSE,"","internal","internal-utils",0,3,0,0,0,"internalize","internalize",".message_info","R/utils-internal.R:12-14; not exported by NAMESPACE; no direct-call test file found","Static counts exclude dynamic dispatch."
".ncvar_get_block","R/backend-netcdf.R",1190,1212,FALSE,FALSE,"","internal","backend/netcdf",1,1,1,0,0,"internalize","internalize",".ncvar_get_block","R/backend-netcdf.R:1190-1212; not exported by NAMESPACE; direct-call test files: 1","Static counts exclude dynamic dispatch."
".nearest_date_index","R/link_events.R",131,156,FALSE,FALSE,"","internal","matching",0,1,0,0,0,"internalize","internalize",".nearest_date_index","R/link_events.R:131-156; not exported by NAMESPACE; no direct-call test file found","Static counts exclude dynamic dispatch."
".nearest_index","R/link_events.R",124,129,FALSE,FALSE,"","internal","matching",0,1,0,0,0,"internalize","internalize",".nearest_index","R/link_events.R:124-129; not exported by NAMESPACE; no direct-call test file found","Static counts exclude dynamic dispatch."
".netcdf_abort","R/backend-netcdf.R",3,5,FALSE,FALSE,"","internal","backend/netcdf",0,12,0,0,0,"internalize","internalize",".netcdf_abort","R/backend-netcdf.R:3-5; not exported by NAMESPACE; no direct-call test file found","Static counts exclude dynamic dispatch."
".netcdf_as_utc","R/backend-netcdf.R",47,53,FALSE,FALSE,"","internal","backend/netcdf",0,8,0,0,0,"internalize","internalize",".netcdf_as_utc","R/backend-netcdf.R:47-53; not exported by NAMESPACE; no direct-call test file found","Static counts exclude dynamic dispatch."
".netcdf_attribute","R/backend-netcdf.R",25,31,FALSE,FALSE,"","internal","backend/netcdf",0,2,0,0,0,"internalize","internalize",".netcdf_attribute","R/backend-netcdf.R:25-31; not exported by NAMESPACE; no direct-call test file found","Static counts exclude dynamic dispatch."
".netcdf_block_dimnames","R/backend-netcdf.R",1353,1364,FALSE,FALSE,"","internal","backend/netcdf",1,1,0,0,0,"internalize","internalize",".netcdf_block_dimnames","R/backend-netcdf.R:1353-1364; not exported by NAMESPACE; no direct-call test file found","Static counts exclude dynamic dispatch."
".netcdf_canonical_dimension","R/backend-netcdf.R",576,591,FALSE,FALSE,"","internal","backend/netcdf",0,1,0,0,0,"internalize","internalize",".netcdf_canonical_dimension","R/backend-netcdf.R:576-591; not exported by NAMESPACE; no direct-call test file found","Static counts exclude dynamic dispatch."
".netcdf_contains_forbidden_object","R/backend-netcdf.R",842,851,FALSE,FALSE,"","internal","backend/netcdf",1,2,2,0,0,"internalize","internalize",".netcdf_contains_forbidden_object","R/backend-netcdf.R:842-851; not exported by NAMESPACE; direct-call test files: 2","Static counts exclude dynamic dispatch."
".netcdf_dimension_evidence","R/backend-netcdf.R",218,263,FALSE,FALSE,"","internal","backend/netcdf",0,1,0,0,0,"internalize","internalize",".netcdf_dimension_evidence","R/backend-netcdf.R:218-263; not exported by NAMESPACE; no direct-call test file found","Static counts exclude dynamic dispatch."
".netcdf_dimension_metadata","R/backend-netcdf.R",192,216,FALSE,FALSE,"","internal","backend/netcdf",2,1,0,0,0,"internalize","internalize",".netcdf_dimension_metadata","R/backend-netcdf.R:192-216; not exported by NAMESPACE; no direct-call test file found","Static counts exclude dynamic dispatch."
".netcdf_file_identity","R/backend-netcdf.R",74,117,FALSE,FALSE,"","internal","backend/netcdf",3,1,0,0,0,"internalize","internalize",".netcdf_file_identity","R/backend-netcdf.R:74-117; not exported by NAMESPACE; no direct-call test file found","Static counts exclude dynamic dispatch."
".netcdf_optional_number","R/backend-netcdf.R",40,45,FALSE,FALSE,"","internal","backend/netcdf",0,1,0,0,0,"internalize","internalize",".netcdf_optional_number","R/backend-netcdf.R:40-45; not exported by NAMESPACE; no direct-call test file found","Static counts exclude dynamic dispatch."
".netcdf_optional_string","R/backend-netcdf.R",33,38,FALSE,FALSE,"","internal","backend/netcdf",0,3,0,0,0,"internalize","internalize",".netcdf_optional_string","R/backend-netcdf.R:33-38; not exported by NAMESPACE; no direct-call test file found","Static counts exclude dynamic dispatch."
".netcdf_scalar_string","R/backend-netcdf.R",7,23,FALSE,FALSE,"","internal","backend/netcdf",1,6,0,0,0,"internalize","internalize",".netcdf_scalar_string","R/backend-netcdf.R:7-23; not exported by NAMESPACE; no direct-call test file found","Static counts exclude dynamic dispatch."
".netcdf_variable_map","R/backend-netcdf.R",447,574,FALSE,FALSE,"","internal","backend/netcdf",4,1,0,0,0,"internalize","internalize",".netcdf_variable_map","R/backend-netcdf.R:447-574; not exported by NAMESPACE; no direct-call test file found","Static counts exclude dynamic dispatch."
".new_collected_memory_cube","R/backend-memory.R",482,507,FALSE,FALSE,"","internal","backend/netcdf",2,2,0,0,0,"internalize","internalize",".new_collected_memory_cube","R/backend-memory.R:482-507; not exported by NAMESPACE; no direct-call test file found","Static counts exclude dynamic dispatch."
".new_netcdf_cube","R/backend-netcdf.R",1538,1609,FALSE,FALSE,"","internal","backend/netcdf",4,0,12,8,8,"internalize","internalize",".new_netcdf_cube","R/backend-netcdf.R:1538-1609; not exported by NAMESPACE; direct-call test files: 12","Static counts exclude dynamic dispatch."
".new_netcdf_storage","R/backend-netcdf.R",593,840,FALSE,FALSE,"","internal","backend/netcdf",15,0,12,8,8,"internalize","internalize",".new_netcdf_storage","R/backend-netcdf.R:593-840; not exported by NAMESPACE; direct-call test files: 12","Static counts exclude dynamic dispatch."
".new_polygon_ocean_mask","R/cube_mask.R",569,593,FALSE,FALSE,"","internal","geometry/masks",0,1,0,0,0,"internalize","internalize",".new_polygon_ocean_mask","R/cube_mask.R:569-593; not exported by NAMESPACE; no direct-call test file found","Static counts exclude dynamic dispatch."
".new_selected_memory_cube","R/backend-memory.R",509,536,FALSE,FALSE,"","internal","backend/netcdf",2,2,0,0,0,"internalize","internalize",".new_selected_memory_cube","R/backend-memory.R:509-536; not exported by NAMESPACE; no direct-call test file found","Static counts exclude dynamic dispatch."
".normalize_depth_unit","R/cube_grid_geometry.R",418,438,FALSE,FALSE,"","internal","geometry/masks",1,1,0,0,0,"internalize","internalize",".normalize_depth_unit","R/cube_grid_geometry.R:418-438; not exported by NAMESPACE; no direct-call test file found","Static counts exclude dynamic dispatch."
".normalize_polygon_geometry","R/cube_mask.R",186,325,FALSE,FALSE,"","internal","geometry/masks",3,2,0,0,0,"internalize","internalize",".normalize_polygon_geometry","R/cube_mask.R:186-325; not exported by NAMESPACE; no direct-call test file found","Static counts exclude dynamic dispatch."
".plan_cube_index_read","R/backend-index.R",31,104,FALSE,FALSE,"","internal","backend/netcdf",4,5,1,1,1,"internalize","internalize",".plan_cube_index_read","R/backend-index.R:31-104; not exported by NAMESPACE; direct-call test files: 1","Static counts exclude dynamic dispatch."
".plan_cube_transect","R/cube_transect.R",220,396,FALSE,FALSE,"","internal","extraction",10,1,0,0,0,"internalize","internalize",".plan_cube_transect","R/cube_transect.R:220-396; not exported by NAMESPACE; no direct-call test file found","Static counts exclude dynamic dispatch."
".plan_masked_cube_read","R/cube_mask.R",458,518,FALSE,FALSE,"","internal","geometry/masks",2,1,0,0,0,"internalize","internalize",".plan_masked_cube_read","R/cube_mask.R:458-518; not exported by NAMESPACE; no direct-call test file found","Static counts exclude dynamic dispatch."
".polygon_cell_intersections","R/cube_polygon_weights.R",143,212,FALSE,FALSE,"","internal","geometry/masks",0,1,0,0,0,"internalize","internalize",".polygon_cell_intersections","R/cube_polygon_weights.R:143-212; not exported by NAMESPACE; no direct-call test file found","Static counts exclude dynamic dispatch."
".polygon_crosses_antimeridian","R/cube_mask.R",327,338,FALSE,FALSE,"","internal","geometry/masks",0,1,0,0,0,"internalize","internalize",".polygon_crosses_antimeridian","R/cube_mask.R:327-338; not exported by NAMESPACE; no direct-call test file found","Static counts exclude dynamic dispatch."
".polygon_feature_coverage","R/cube_polygon_weights.R",262,289,FALSE,FALSE,"","internal","geometry/masks",0,1,0,0,0,"internalize","internalize",".polygon_feature_coverage","R/cube_polygon_weights.R:262-289; not exported by NAMESPACE; no direct-call test file found","Static counts exclude dynamic dispatch."
".polygon_feature_ids","R/cube_polygon_weights.R",116,141,FALSE,FALSE,"","internal","geometry/masks",1,1,0,0,0,"internalize","internalize",".polygon_feature_ids","R/cube_polygon_weights.R:116-141; not exported by NAMESPACE; no direct-call test file found","Static counts exclude dynamic dispatch."
".polygon_weight_table","R/cube_polygon_weights.R",214,260,FALSE,FALSE,"","internal","geometry/masks",0,1,0,0,0,"internalize","internalize",".polygon_weight_table","R/cube_polygon_weights.R:214-260; not exported by NAMESPACE; no direct-call test file found","Static counts exclude dynamic dispatch."
".read_cf_time","R/utils-internal.R",359,388,FALSE,FALSE,"","internal","internal-utils",0,1,0,0,0,"internalize","internalize",".read_cf_time","R/utils-internal.R:359-388; not exported by NAMESPACE; no direct-call test file found","Static counts exclude dynamic dispatch."
".read_event_values","R/link_events.R",108,122,FALSE,FALSE,"","internal","matching",1,1,0,0,0,"internalize","internalize",".read_event_values","R/link_events.R:108-122; not exported by NAMESPACE; no direct-call test file found","Static counts exclude dynamic dispatch."
".read_masked_cube_values","R/cube_mask.R",520,542,FALSE,FALSE,"","internal","geometry/masks",4,1,0,0,0,"internalize","internalize",".read_masked_cube_values","R/cube_mask.R:520-542; not exported by NAMESPACE; no direct-call test file found","Static counts exclude dynamic dispatch."
".read_netcdf_coordinate","R/backend-netcdf.R",356,362,FALSE,FALSE,"","internal","backend/netcdf",0,1,0,0,0,"internalize","internalize",".read_netcdf_coordinate","R/backend-netcdf.R:356-362; not exported by NAMESPACE; no direct-call test file found","Static counts exclude dynamic dispatch."
".read_netcdf_index_plan","R/backend-netcdf.R",1366,1414,FALSE,FALSE,"","internal","backend/netcdf",5,2,0,0,0,"internalize","internalize",".read_netcdf_index_plan","R/backend-netcdf.R:1366-1414; not exported by NAMESPACE; no direct-call test file found","Static counts exclude dynamic dispatch."
".read_netcdf_variable_block","R/backend-netcdf.R",1286,1351,FALSE,FALSE,"","internal","backend/netcdf",4,2,0,0,0,"internalize","internalize",".read_netcdf_variable_block","R/backend-netcdf.R:1286-1351; not exported by NAMESPACE; no direct-call test file found","Static counts exclude dynamic dispatch."
".require_memory_backend","R/backend-memory.R",106,118,FALSE,FALSE,"","internal","backend/netcdf",2,4,0,0,0,"internalize","internalize",".require_memory_backend","R/backend-memory.R:106-118; not exported by NAMESPACE; no direct-call test file found","Static counts exclude dynamic dispatch."
".resolve_axis_values","R/cube_slice.R",304,366,FALSE,FALSE,"","internal","selection",5,2,0,0,0,"internalize","internalize",".resolve_axis_values","R/cube_slice.R:304-366; not exported by NAMESPACE; no direct-call test file found","Static counts exclude dynamic dispatch."
".resolve_crop_bbox","R/cube_crop.R",149,201,FALSE,FALSE,"","internal","selection",1,1,0,0,0,"internalize","internalize",".resolve_crop_bbox","R/cube_crop.R:149-201; not exported by NAMESPACE; no direct-call test file found","Static counts exclude dynamic dispatch."
".resolve_cube_crop","R/cube_crop.R",203,261,FALSE,FALSE,"","internal","selection",6,1,1,0,0,"internalize","internalize",".resolve_cube_crop","R/cube_crop.R:203-261; not exported by NAMESPACE; direct-call test files: 1","Static counts exclude dynamic dispatch."
".resolve_cube_slice","R/cube_slice.R",173,253,FALSE,FALSE,"","internal","selection",8,3,1,0,0,"internalize","internalize",".resolve_cube_slice","R/cube_slice.R:173-253; not exported by NAMESPACE; direct-call test files: 1","Static counts exclude dynamic dispatch."
".resolve_netcdf_dimension","R/backend-netcdf.R",265,354,FALSE,FALSE,"","internal","backend/netcdf",3,1,0,0,0,"internalize","internalize",".resolve_netcdf_dimension","R/backend-netcdf.R:265-354; not exported by NAMESPACE; no direct-call test file found","Static counts exclude dynamic dispatch."
".resolve_numeric_crop_range","R/cube_crop.R",331,397,FALSE,FALSE,"","internal","selection",5,1,0,0,0,"internalize","internalize",".resolve_numeric_crop_range","R/cube_crop.R:331-397; not exported by NAMESPACE; no direct-call test file found","Static counts exclude dynamic dispatch."
".resolve_selected_variables","R/cube_slice.R",458,495,FALSE,FALSE,"","internal","selection",2,2,0,0,0,"internalize","internalize",".resolve_selected_variables","R/cube_slice.R:458-495; not exported by NAMESPACE; no direct-call test file found","Static counts exclude dynamic dispatch."
".resolve_time_crop_range","R/cube_crop.R",419,492,FALSE,FALSE,"","internal","selection",6,1,1,0,0,"internalize","internalize",".resolve_time_crop_range","R/cube_crop.R:419-492; not exported by NAMESPACE; direct-call test files: 1","Static counts exclude dynamic dispatch."
".resolve_time_values","R/cube_slice.R",384,456,FALSE,FALSE,"","internal","selection",6,1,0,0,0,"internalize","internalize",".resolve_time_values","R/cube_slice.R:384-456; not exported by NAMESPACE; no direct-call test file found","Static counts exclude dynamic dispatch."
".safe_mean","R/utils-internal.R",315,319,FALSE,FALSE,"","internal","internal-utils",0,2,0,0,0,"internalize","internalize",".safe_mean","R/utils-internal.R:315-319; not exported by NAMESPACE; no direct-call test file found","Static counts exclude dynamic dispatch."
".safe_sd","R/utils-internal.R",321,325,FALSE,FALSE,"","internal","internal-utils",0,2,0,0,0,"internalize","internalize",".safe_sd","R/utils-internal.R:321-325; not exported by NAMESPACE; no direct-call test file found","Static counts exclude dynamic dispatch."
".selection_auxiliary_components","R/cube_slice.R",581,632,FALSE,FALSE,"","internal","selection",1,2,0,0,0,"internalize","internalize",".selection_auxiliary_components","R/cube_slice.R:581-632; not exported by NAMESPACE; no direct-call test file found","Static counts exclude dynamic dispatch."
".selection_contains_dimensional_data","R/cube_slice.R",575,579,FALSE,FALSE,"","internal","selection",1,3,0,0,0,"internalize","internalize",".selection_contains_dimensional_data","R/cube_slice.R:575-579; not exported by NAMESPACE; no direct-call test file found","Static counts exclude dynamic dispatch."
".selection_units","R/cube_slice.R",567,573,FALSE,FALSE,"","internal","selection",0,3,0,0,0,"internalize","internalize",".selection_units","R/cube_slice.R:567-573; not exported by NAMESPACE; no direct-call test file found","Static counts exclude dynamic dispatch."
".slice_beyond_tolerance","R/cube_slice.R",293,302,FALSE,FALSE,"","internal","selection",1,2,0,0,0,"internalize","internalize",".slice_beyond_tolerance","R/cube_slice.R:293-302; not exported by NAMESPACE; no direct-call test file found","Static counts exclude dynamic dispatch."
".slice_format_values","R/cube_slice.R",265,267,FALSE,FALSE,"","internal","selection",0,6,0,0,0,"internalize","internalize",".slice_format_values","R/cube_slice.R:265-267; not exported by NAMESPACE; no direct-call test file found","Static counts exclude dynamic dispatch."
".slice_not_found","R/cube_slice.R",282,291,FALSE,FALSE,"","internal","selection",1,2,0,0,0,"internalize","internalize",".slice_not_found","R/cube_slice.R:282-291; not exported by NAMESPACE; no direct-call test file found","Static counts exclude dynamic dispatch."
".slice_outside_domain","R/cube_slice.R",269,280,FALSE,FALSE,"","internal","selection",1,2,0,0,0,"internalize","internalize",".slice_outside_domain","R/cube_slice.R:269-280; not exported by NAMESPACE; no direct-call test file found","Static counts exclude dynamic dispatch."
".slice_time_numeric","R/cube_slice.R",368,382,FALSE,FALSE,"","internal","selection",0,1,0,0,0,"internalize","internalize",".slice_time_numeric","R/cube_slice.R:368-382; not exported by NAMESPACE; no direct-call test file found","Static counts exclude dynamic dispatch."
".spatial_pair_map","R/backend-index.R",157,168,FALSE,FALSE,"","internal","backend/netcdf",0,3,0,0,0,"internalize","internalize",".spatial_pair_map","R/backend-index.R:157-168; not exported by NAMESPACE; no direct-call test file found","Static counts exclude dynamic dispatch."
".transect_cumulative_distance","R/cube_transect.R",445,457,FALSE,FALSE,"","internal","extraction",0,1,0,0,0,"internalize","internalize",".transect_cumulative_distance","R/cube_transect.R:445-457; not exported by NAMESPACE; no direct-call test file found","Static counts exclude dynamic dispatch."
".transect_mode","R/cube_transect.R",398,425,FALSE,FALSE,"","internal","extraction",0,1,0,0,0,"internalize","internalize",".transect_mode","R/cube_transect.R:398-425; not exported by NAMESPACE; no direct-call test file found","Static counts exclude dynamic dispatch."
".transect_point_label","R/cube_transect.R",188,190,FALSE,FALSE,"","internal","extraction",0,2,0,0,0,"internalize","internalize",".transect_point_label","R/cube_transect.R:188-190; not exported by NAMESPACE; no direct-call test file found","Static counts exclude dynamic dispatch."
".transect_resolve_spatial","R/cube_transect.R",192,218,FALSE,FALSE,"","internal","extraction",2,1,0,0,0,"internalize","internalize",".transect_resolve_spatial","R/cube_transect.R:192-218; not exported by NAMESPACE; no direct-call test file found","Static counts exclude dynamic dispatch."
".transect_scalar_column","R/cube_transect.R",180,186,FALSE,FALSE,"","internal","extraction",1,1,0,0,0,"internalize","internalize",".transect_scalar_column","R/cube_transect.R:180-186; not exported by NAMESPACE; no direct-call test file found","Static counts exclude dynamic dispatch."
".transect_validate_antimeridian","R/cube_transect.R",427,443,FALSE,FALSE,"","internal","extraction",0,1,0,0,0,"internalize","internalize",".transect_validate_antimeridian","R/cube_transect.R:427-443; not exported by NAMESPACE; no direct-call test file found","Static counts exclude dynamic dispatch."
".translate_netcdf_block","R/backend-netcdf.R",1126,1188,FALSE,FALSE,"","internal","backend/netcdf",2,1,1,1,1,"internalize","internalize",".translate_netcdf_block","R/backend-netcdf.R:1126-1188; not exported by NAMESPACE; direct-call test files: 1","Static counts exclude dynamic dispatch."
".typed_missing","R/cube_mask.R",406,417,FALSE,FALSE,"","internal","geometry/masks",0,2,0,0,0,"internalize","internalize",".typed_missing","R/cube_mask.R:406-417; not exported by NAMESPACE; no direct-call test file found","Static counts exclude dynamic dispatch."
".validate_cube_block","R/backend-memory.R",256,293,FALSE,FALSE,"","internal","backend/netcdf",2,3,0,0,0,"internalize","internalize",".validate_cube_block","R/backend-memory.R:256-293; not exported by NAMESPACE; no direct-call test file found","Static counts exclude dynamic dispatch."
".validate_cube_block_vector","R/backend-memory.R",219,254,FALSE,FALSE,"","internal","backend/netcdf",2,1,0,0,0,"internalize","internalize",".validate_cube_block_vector","R/backend-memory.R:219-254; not exported by NAMESPACE; no direct-call test file found","Static counts exclude dynamic dispatch."
".validate_cube_index","R/backend-memory.R",167,217,FALSE,FALSE,"","internal","backend/netcdf",3,5,0,0,0,"internalize","internalize",".validate_cube_index","R/backend-memory.R:167-217; not exported by NAMESPACE; no direct-call test file found","Static counts exclude dynamic dispatch."
".validate_cube_position","R/backend-memory.R",120,165,FALSE,FALSE,"","internal","backend/netcdf",1,1,0,0,0,"internalize","internalize",".validate_cube_position","R/backend-memory.R:120-165; not exported by NAMESPACE; no direct-call test file found","Static counts exclude dynamic dispatch."
".validate_extract_flag","R/cube_extract.R",259,264,FALSE,FALSE,"","internal","extraction",1,2,0,0,0,"internalize","internalize",".validate_extract_flag","R/cube_extract.R:259-264; not exported by NAMESPACE; no direct-call test file found","Static counts exclude dynamic dispatch."
".validate_extract_mode","R/cube_extract.R",266,301,FALSE,FALSE,"","internal","extraction",0,1,0,0,0,"internalize","internalize",".validate_extract_mode","R/cube_extract.R:266-301; not exported by NAMESPACE; no direct-call test file found","Static counts exclude dynamic dispatch."
".validate_extract_wide","R/cube_extract.R",447,484,FALSE,FALSE,"","internal","extraction",3,1,0,0,0,"internalize","internalize",".validate_extract_wide","R/cube_extract.R:447-484; not exported by NAMESPACE; no direct-call test file found","Static counts exclude dynamic dispatch."
".validate_geometry_axis","R/cube_grid_geometry.R",236,262,FALSE,FALSE,"","internal","geometry/masks",1,2,0,0,0,"internalize","internalize",".validate_geometry_axis","R/cube_grid_geometry.R:236-262; not exported by NAMESPACE; no direct-call test file found","Static counts exclude dynamic dispatch."
".validate_memory_backend","R/backend-memory.R",44,88,FALSE,FALSE,"","internal","backend/netcdf",2,2,0,0,0,"internalize","internalize",".validate_memory_backend","R/backend-memory.R:44-88; not exported by NAMESPACE; no direct-call test file found","Static counts exclude dynamic dispatch."
".validate_netcdf_file_identity","R/backend-netcdf.R",119,190,FALSE,FALSE,"","internal","backend/netcdf",3,1,0,0,0,"internalize","internalize",".validate_netcdf_file_identity","R/backend-netcdf.R:119-190; not exported by NAMESPACE; no direct-call test file found","Static counts exclude dynamic dispatch."
".validate_netcdf_physical_schema","R/backend-netcdf.R",1235,1284,FALSE,FALSE,"","internal","backend/netcdf",1,2,1,0,0,"internalize","internalize",".validate_netcdf_physical_schema","R/backend-netcdf.R:1235-1284; not exported by NAMESPACE; direct-call test files: 1","Static counts exclude dynamic dispatch."
".validate_netcdf_storage","R/backend-netcdf.R",853,1124,FALSE,FALSE,"","internal","backend/netcdf",4,8,1,0,0,"internalize","internalize",".validate_netcdf_storage","R/backend-netcdf.R:853-1124; not exported by NAMESPACE; direct-call test files: 1","Static counts exclude dynamic dispatch."
".validate_netcdf_variables_argument","R/backend-netcdf.R",431,445,FALSE,FALSE,"","internal","backend/netcdf",1,1,0,0,0,"internalize","internalize",".validate_netcdf_variables_argument","R/backend-netcdf.R:431-445; not exported by NAMESPACE; no direct-call test file found","Static counts exclude dynamic dispatch."
".validate_numeric_crop_range","R/cube_crop.R",263,286,FALSE,FALSE,"","internal","selection",1,1,0,0,0,"internalize","internalize",".validate_numeric_crop_range","R/cube_crop.R:263-286; not exported by NAMESPACE; no direct-call test file found","Static counts exclude dynamic dispatch."
".validate_slice_selector_vector","R/cube_slice.R",255,263,FALSE,FALSE,"","internal","selection",1,3,0,0,0,"internalize","internalize",".validate_slice_selector_vector","R/cube_slice.R:255-263; not exported by NAMESPACE; no direct-call test file found","Static counts exclude dynamic dispatch."
".validate_slice_tolerance","R/cube_slice.R",497,565,FALSE,FALSE,"","internal","selection",1,2,0,0,0,"internalize","internalize",".validate_slice_tolerance","R/cube_slice.R:497-565; not exported by NAMESPACE; no direct-call test file found","Static counts exclude dynamic dispatch."
".validate_spatial_pair_read","R/backend-index.R",128,155,FALSE,FALSE,"","internal","backend/netcdf",3,2,0,0,0,"internalize","internalize",".validate_spatial_pair_read","R/backend-index.R:128-155; not exported by NAMESPACE; no direct-call test file found","Static counts exclude dynamic dispatch."
".vertical_bounds_metadata","R/cube_grid_geometry.R",371,416,FALSE,FALSE,"","internal","geometry/masks",2,1,0,0,0,"internalize","internalize",".vertical_bounds_metadata","R/cube_grid_geometry.R:371-416; not exported by NAMESPACE; no direct-call test file found","Static counts exclude dynamic dispatch."
".weighted_mean","R/utils-internal.R",327,331,FALSE,FALSE,"","internal","internal-utils",0,1,0,0,0,"internalize","internalize",".weighted_mean","R/utils-internal.R:327-331; not exported by NAMESPACE; no direct-call test file found","Static counts exclude dynamic dispatch."
".with_netcdf_connection","R/backend-netcdf.R",55,72,FALSE,FALSE,"","internal","backend/netcdf",3,3,1,0,0,"internalize","internalize",".with_netcdf_connection","R/backend-netcdf.R:55-72; not exported by NAMESPACE; direct-call test files: 1","Static counts exclude dynamic dispatch."
".with_s2_geometry","R/cube_grid_geometry.R",114,125,FALSE,FALSE,"","internal","geometry/masks",0,2,0,0,0,"internalize","internalize",".with_s2_geometry","R/cube_grid_geometry.R:114-125; not exported by NAMESPACE; no direct-call test file found","Static counts exclude dynamic dispatch."
"annual_index","R/annual_index.R",9,56,TRUE,FALSE,"","public","aggregation",4,0,3,7,6,"not-mentioned","review","annual_index","R/annual_index.R:9-56; NAMESPACE export; direct-call test files: 3","Roadmap decision requires human review."
"anom_diff","R/anom_diff.R",8,10,TRUE,FALSE,"","public","anomaly",1,0,4,13,9,"retain","retain","anom_diff","R/anom_diff.R:8-10; NAMESPACE export; direct-call test files: 4; roadmap section 21.3","Static counts exclude dynamic dispatch."
"anom_z","R/anom_diff.R",19,21,TRUE,FALSE,"","public","anomaly",1,0,3,12,8,"retain","retain","anom_z","R/anom_diff.R:19-21; NAMESPACE export; direct-call test files: 3; roadmap section 21.3","Static counts exclude dynamic dispatch."
"clim_day","R/clim_day.R",19,114,TRUE,FALSE,"","public","climatology",9,0,3,14,7,"retain","retain","clim_day","R/clim_day.R:19-114; NAMESPACE export; direct-call test files: 3; roadmap section 21.3","Static counts exclude dynamic dispatch."
"clim_month","R/clim_month.R",8,68,TRUE,FALSE,"","public","climatology",7,0,8,16,9,"retain","retain","clim_month","R/clim_month.R:8-68; NAMESPACE export; direct-call test files: 8; roadmap section 21.3","Static counts exclude dynamic dispatch."
"cm_connect","R/cm_setup.R",51,62,TRUE,FALSE,"","public","ingestion-copernicus",2,0,0,6,5,"retain","retain","cm_connect","R/cm_setup.R:51-62; NAMESPACE export; no direct-call test file found; roadmap section 21.3","Static counts exclude dynamic dispatch."
"cm_setup","R/cm_setup.R",13,40,TRUE,FALSE,"","public","ingestion-copernicus",2,0,0,6,5,"retain","retain","cm_setup","R/cm_setup.R:13-40; NAMESPACE export; no direct-call test file found; roadmap section 21.3","Static counts exclude dynamic dispatch."
"coast_dist","R/coast_dist.R",8,38,TRUE,FALSE,"","public","geometry/masks",4,0,1,7,6,"not-mentioned","review","coast_dist","R/coast_dist.R:8-38; NAMESPACE export; direct-call test files: 1","Roadmap decision requires human review."
"crop_stock","R/stock_mask.R",75,119,TRUE,FALSE,"","public","geometry/masks",5,0,2,7,5,"not-mentioned","review","crop_stock","R/stock_mask.R:75-119; NAMESPACE export; direct-call test files: 2","Roadmap decision requires human review."
"cube_cell_area","R/cube_grid_geometry.R",15,37,TRUE,FALSE,"","public","geometry/masks",3,1,1,12,8,"retain","retain","cube_cell_area","R/cube_grid_geometry.R:15-37; NAMESPACE export; direct-call test files: 1; roadmap section 21.3","Static counts exclude dynamic dispatch."
"cube_cell_volume","R/cube_grid_geometry.R",88,112,TRUE,FALSE,"","public","geometry/masks",3,0,1,12,8,"retain","retain","cube_cell_volume","R/cube_grid_geometry.R:88-112; NAMESPACE export; direct-call test files: 1; roadmap section 21.3","Static counts exclude dynamic dispatch."
"cube_collect","R/cube_collect.R",35,87,TRUE,FALSE,"","public","extraction",7,0,6,18,11,"retain","retain","cube_collect","R/cube_collect.R:35-87; NAMESPACE export; direct-call test files: 6; roadmap section 21.3","Static counts exclude dynamic dispatch."
"cube_crop","R/cube_crop.R",59,147,TRUE,FALSE,"","public","selection",10,0,2,16,9,"retain","retain","cube_crop","R/cube_crop.R:59-147; NAMESPACE export; direct-call test files: 2; roadmap section 21.3","Static counts exclude dynamic dispatch."
"cube_extract","R/cube_extract.R",85,257,TRUE,FALSE,"","public","extraction",16,0,2,14,9,"retain","retain","cube_extract","R/cube_extract.R:85-257; NAMESPACE export; direct-call test files: 2; roadmap section 21.3","Static counts exclude dynamic dispatch."
"cube_layer_thickness","R/cube_grid_geometry.R",55,71,TRUE,FALSE,"","public","geometry/masks",4,1,1,12,8,"retain","retain","cube_layer_thickness","R/cube_grid_geometry.R:55-71; NAMESPACE export; direct-call test files: 1; roadmap section 21.3","Static counts exclude dynamic dispatch."
"cube_mask","R/cube_mask.R",72,184,TRUE,FALSE,"","public","geometry/masks",15,0,2,13,9,"retain","retain","cube_mask","R/cube_mask.R:72-184; NAMESPACE export; direct-call test files: 2; roadmap section 21.3","Static counts exclude dynamic dispatch."
"cube_polygon_weights","R/cube_polygon_weights.R",32,114,TRUE,FALSE,"","public","geometry/masks",13,0,2,15,11,"retain","retain","cube_polygon_weights","R/cube_polygon_weights.R:32-114; NAMESPACE export; direct-call test files: 2; roadmap section 21.3","Static counts exclude dynamic dispatch."
"cube_slice","R/cube_slice.R",66,171,TRUE,FALSE,"","public","selection",11,0,3,16,10,"retain","retain","cube_slice","R/cube_slice.R:66-171; NAMESPACE export; direct-call test files: 3; roadmap section 21.3","Static counts exclude dynamic dispatch."
"cube_transect","R/cube_transect.R",83,178,TRUE,FALSE,"","public","extraction",9,0,1,14,10,"retain","retain","cube_transect","R/cube_transect.R:83-178; NAMESPACE export; direct-call test files: 1; roadmap section 21.3","Static counts exclude dynamic dispatch."
"download_nc","R/download_nc.R",19,100,TRUE,FALSE,"","public","ingestion-copernicus",6,0,0,7,5,"rename","rename","download_copernicus","R/download_nc.R:19-100; NAMESPACE export; no direct-call test file found; roadmap section 21.4","Static counts exclude dynamic dispatch."
"layer_mean","R/layer_mean.R",9,61,TRUE,FALSE,"","public","summary",10,0,7,8,6,"rename","rename","cube_vertical_mean","R/layer_mean.R:9-61; NAMESPACE export; direct-call test files: 7; roadmap section 21.3; roadmap section 21.4","Static counts exclude dynamic dispatch."
"link_events","R/link_events.R",25,106,TRUE,FALSE,"","public","matching",6,0,5,13,9,"rename","rename","cube_join","R/link_events.R:25-106; NAMESPACE export; direct-call test files: 5; roadmap section 21.3; roadmap section 21.4","Static counts exclude dynamic dispatch."
"ocean_cube","R/ocean_cube.R",74,171,TRUE,FALSE,"","public","core-object",5,7,19,39,25,"retain","retain","ocean_cube","R/ocean_cube.R:74-171; NAMESPACE export; direct-call test files: 19; roadmap section 21.3","Static counts exclude dynamic dispatch."
"print.ocean_clim","R/clim_day.R",117,125,FALSE,TRUE,"print","internal","climatology",1,0,0,0,0,"retain","retain","print.ocean_clim","R/clim_day.R:117-125; not exported by NAMESPACE; NAMESPACE S3method; no direct-call test file found","Static counts exclude dynamic dispatch."
"print.ocean_cube","R/ocean_cube.R",174,190,FALSE,TRUE,"print","internal","core-object",2,0,0,0,0,"retain","retain","print.ocean_cube","R/ocean_cube.R:174-190; not exported by NAMESPACE; NAMESPACE S3method; no direct-call test file found","Static counts exclude dynamic dispatch."
"print.ocean_mask","R/stock_mask.R",60,66,FALSE,TRUE,"print","internal","geometry/masks",1,0,0,0,0,"retain","retain","print.ocean_mask","R/stock_mask.R:60-66; not exported by NAMESPACE; NAMESPACE S3method; no direct-call test file found","Static counts exclude dynamic dispatch."
"read_nc","R/read_nc.R",18,116,TRUE,FALSE,"","public","backend/netcdf",6,0,2,11,7,"retain","retain","read_nc","R/read_nc.R:18-116; NAMESPACE export; direct-call test files: 2; roadmap section 21.3","Static counts exclude dynamic dispatch."
"signal_noise","R/anom_diff.R",31,33,TRUE,FALSE,"","public","anomaly",1,0,2,8,6,"retain","retain","signal_noise","R/anom_diff.R:31-33; NAMESPACE export; direct-call test files: 2; roadmap section 21.3","Static counts exclude dynamic dispatch."
"stock_mask","R/stock_mask.R",12,57,TRUE,FALSE,"","public","geometry/masks",2,0,5,11,7,"not-mentioned","review","stock_mask","R/stock_mask.R:12-57; NAMESPACE export; direct-call test files: 5","Roadmap decision requires human review."
"summary.ocean_cube","R/ocean_cube.R",193,208,FALSE,TRUE,"summary","internal","core-object",1,0,0,0,0,"retain","retain","summary.ocean_cube","R/ocean_cube.R:193-208; not exported by NAMESPACE; NAMESPACE S3method; no direct-call test file found","Static counts exclude dynamic dispatch."
"to_month","R/to_month.R",8,42,TRUE,FALSE,"","public","aggregation",5,0,4,8,6,"retain","retain","to_month","R/to_month.R:8-42; NAMESPACE export; direct-call test files: 4; roadmap section 21.3","Static counts exclude dynamic dispatch."
