"caller","callee","caller_visibility","callee_visibility","caller_file","callee_file","relationship_type","evidence"
"annual_index",".check_cube","public","internal","R/annual_index.R","R/utils-internal.R","static direct symbol call","R/annual_index.R:9-56 contains call symbol .check_cube"
"annual_index",".cube_shape","public","internal","R/annual_index.R","R/utils-internal.R","static direct symbol call","R/annual_index.R:9-56 contains call symbol .cube_shape"
"annual_index",".cube_read","public","internal","R/annual_index.R","R/backend-memory.R","static direct symbol call","R/annual_index.R:9-56 contains call symbol .cube_read"
"annual_index","%||%","public","internal","R/annual_index.R","R/utils-internal.R","static direct symbol call","R/annual_index.R:9-56 contains call symbol %||%"
"anom_diff",".anom_from_clim","public","internal","R/anom_diff.R","R/anom_diff.R","static direct symbol call","R/anom_diff.R:8-10 contains call symbol .anom_from_clim"
"anom_z",".anom_from_clim","public","internal","R/anom_diff.R","R/anom_diff.R","static direct symbol call","R/anom_diff.R:19-21 contains call symbol .anom_from_clim"
"signal_noise",".anom_from_clim","public","internal","R/anom_diff.R","R/anom_diff.R","static direct symbol call","R/anom_diff.R:31-33 contains call symbol .anom_from_clim"
".anom_from_clim",".check_cube","internal","internal","R/anom_diff.R","R/utils-internal.R","static direct symbol call","R/anom_diff.R:35-134 contains call symbol .check_cube"
".anom_from_clim",".cube_read","internal","internal","R/anom_diff.R","R/backend-memory.R","static direct symbol call","R/anom_diff.R:35-134 contains call symbol .cube_read"
".anom_from_clim","%||%","internal","internal","R/anom_diff.R","R/utils-internal.R","static direct symbol call","R/anom_diff.R:35-134 contains call symbol %||%"
".anom_from_clim",".clim_index","internal","internal","R/anom_diff.R","R/anom_diff.R","static direct symbol call","R/anom_diff.R:35-134 contains call symbol .clim_index"
".anom_from_clim","ocean_cube","internal","public","R/anom_diff.R","R/ocean_cube.R","static direct symbol call","R/anom_diff.R:35-134 contains call symbol ocean_cube"
".anom_from_clim",".make_provenance","internal","internal","R/anom_diff.R","R/utils-internal.R","static direct symbol call","R/anom_diff.R:35-134 contains call symbol .make_provenance"
".clim_index",".date_key","internal","internal","R/anom_diff.R","R/clim_day.R","static direct symbol call","R/anom_diff.R:136-148 contains call symbol .date_key"
".clim_index","%||%","internal","internal","R/anom_diff.R","R/utils-internal.R","static direct symbol call","R/anom_diff.R:136-148 contains call symbol %||%"
".plan_cube_index_read",".cube_shape","internal","internal","R/backend-index.R","R/utils-internal.R","static direct symbol call","R/backend-index.R:31-104 contains call symbol .cube_shape"
".plan_cube_index_read",".cube_axis_names","internal","internal","R/backend-index.R","R/backend-memory.R","static direct symbol call","R/backend-index.R:31-104 contains call symbol .cube_axis_names"
".plan_cube_index_read",".validate_cube_index","internal","internal","R/backend-index.R","R/backend-memory.R","static direct symbol call","R/backend-index.R:31-104 contains call symbol .validate_cube_index"
".plan_cube_index_read",".cube_product_as_double","internal","internal","R/backend-index.R","R/backend-index.R","static direct symbol call","R/backend-index.R:31-104 contains call symbol .cube_product_as_double"
".cube_read_spatial_pairs",".cube_backend","internal","internal","R/backend-index.R","R/backend-memory.R","static direct symbol call","R/backend-index.R:106-126 contains call symbol .cube_backend"
".cube_read_spatial_pairs",".cube_read_spatial_pairs_memory","internal","internal","R/backend-index.R","R/backend-memory.R","static direct symbol call","R/backend-index.R:106-126 contains call symbol .cube_read_spatial_pairs_memory"
".cube_read_spatial_pairs",".cube_read_spatial_pairs_netcdf","internal","internal","R/backend-index.R","R/backend-netcdf.R","static direct symbol call","R/backend-index.R:106-126 contains call symbol .cube_read_spatial_pairs_netcdf"
".validate_spatial_pair_read",".cube_shape","internal","internal","R/backend-index.R","R/utils-internal.R","static direct symbol call","R/backend-index.R:128-155 contains call symbol .cube_shape"
".validate_spatial_pair_read",".validate_cube_index","internal","internal","R/backend-index.R","R/backend-memory.R","static direct symbol call","R/backend-index.R:128-155 contains call symbol .validate_cube_index"
".validate_spatial_pair_read",".abort_badarg","internal","internal","R/backend-index.R","R/utils-internal.R","static direct symbol call","R/backend-index.R:128-155 contains call symbol .abort_badarg"
".cube_backend",".validate_netcdf_storage","internal","internal","R/backend-memory.R","R/backend-netcdf.R","static direct symbol call","R/backend-memory.R:7-42 contains call symbol .validate_netcdf_storage"
".validate_memory_backend",".abort_badarg","internal","internal","R/backend-memory.R","R/utils-internal.R","static direct symbol call","R/backend-memory.R:44-88 contains call symbol .abort_badarg"
".validate_memory_backend",".cube_axis_names","internal","internal","R/backend-memory.R","R/backend-memory.R","static direct symbol call","R/backend-memory.R:44-88 contains call symbol .cube_axis_names"
".cube_storage_shape",".cube_backend","internal","internal","R/backend-memory.R","R/backend-memory.R","static direct symbol call","R/backend-memory.R:90-104 contains call symbol .cube_backend"
".cube_storage_shape",".validate_memory_backend","internal","internal","R/backend-memory.R","R/backend-memory.R","static direct symbol call","R/backend-memory.R:90-104 contains call symbol .validate_memory_backend"
".cube_storage_shape",".validate_netcdf_storage","internal","internal","R/backend-memory.R","R/backend-netcdf.R","static direct symbol call","R/backend-memory.R:90-104 contains call symbol .validate_netcdf_storage"
".require_memory_backend",".check_cube","internal","internal","R/backend-memory.R","R/utils-internal.R","static direct symbol call","R/backend-memory.R:106-118 contains call symbol .check_cube"
".require_memory_backend",".cube_backend","internal","internal","R/backend-memory.R","R/backend-memory.R","static direct symbol call","R/backend-memory.R:106-118 contains call symbol .cube_backend"
".validate_cube_position",".abort_badarg","internal","internal","R/backend-memory.R","R/utils-internal.R","static direct symbol call","R/backend-memory.R:120-165 contains call symbol .abort_badarg"
".validate_cube_index",".cube_axis_names","internal","internal","R/backend-memory.R","R/backend-memory.R","static direct symbol call","R/backend-memory.R:167-217 contains call symbol .cube_axis_names"
".validate_cube_index",".abort_badarg","internal","internal","R/backend-memory.R","R/utils-internal.R","static direct symbol call","R/backend-memory.R:167-217 contains call symbol .abort_badarg"
".validate_cube_index",".validate_cube_position","internal","internal","R/backend-memory.R","R/backend-memory.R","static direct symbol call","R/backend-memory.R:167-217 contains call symbol .validate_cube_position"
".validate_cube_block_vector",".cube_axis_names","internal","internal","R/backend-memory.R","R/backend-memory.R","static direct symbol call","R/backend-memory.R:219-254 contains call symbol .cube_axis_names"
".validate_cube_block_vector",".abort_badarg","internal","internal","R/backend-memory.R","R/utils-internal.R","static direct symbol call","R/backend-memory.R:219-254 contains call symbol .abort_badarg"
".validate_cube_block",".cube_axis_names","internal","internal","R/backend-memory.R","R/backend-memory.R","static direct symbol call","R/backend-memory.R:256-293 contains call symbol .cube_axis_names"
".validate_cube_block",".validate_cube_block_vector","internal","internal","R/backend-memory.R","R/backend-memory.R","static direct symbol call","R/backend-memory.R:256-293 contains call symbol .validate_cube_block_vector"
".cube_read",".cube_backend","internal","internal","R/backend-memory.R","R/backend-memory.R","static direct symbol call","R/backend-memory.R:295-322 contains call symbol .cube_backend"
".cube_read",".cube_read_netcdf","internal","internal","R/backend-memory.R","R/backend-netcdf.R","static direct symbol call","R/backend-memory.R:295-322 contains call symbol .cube_read_netcdf"
".cube_read",".require_memory_backend","internal","internal","R/backend-memory.R","R/backend-memory.R","static direct symbol call","R/backend-memory.R:295-322 contains call symbol .require_memory_backend"
".cube_read",".abort_badarg","internal","internal","R/backend-memory.R","R/utils-internal.R","static direct symbol call","R/backend-memory.R:295-322 contains call symbol .abort_badarg"
".cube_read",".validate_cube_index","internal","internal","R/backend-memory.R","R/backend-memory.R","static direct symbol call","R/backend-memory.R:295-322 contains call symbol .validate_cube_index"
".cube_read_block",".cube_backend","internal","internal","R/backend-memory.R","R/backend-memory.R","static direct symbol call","R/backend-memory.R:324-337 contains call symbol .cube_backend"
".cube_read_block",".cube_read_block_netcdf","internal","internal","R/backend-memory.R","R/backend-netcdf.R","static direct symbol call","R/backend-memory.R:324-337 contains call symbol .cube_read_block_netcdf"
".cube_read_block",".require_memory_backend","internal","internal","R/backend-memory.R","R/backend-memory.R","static direct symbol call","R/backend-memory.R:324-337 contains call symbol .require_memory_backend"
".cube_read_block",".validate_cube_block","internal","internal","R/backend-memory.R","R/backend-memory.R","static direct symbol call","R/backend-memory.R:324-337 contains call symbol .validate_cube_block"
".cube_read_block",".cube_storage_shape","internal","internal","R/backend-memory.R","R/backend-memory.R","static direct symbol call","R/backend-memory.R:324-337 contains call symbol .cube_storage_shape"
".cube_read_block",".cube_read","internal","internal","R/backend-memory.R","R/backend-memory.R","static direct symbol call","R/backend-memory.R:324-337 contains call symbol .cube_read"
".cube_read_spatial_pairs_memory",".require_memory_backend","internal","internal","R/backend-memory.R","R/backend-memory.R","static direct symbol call","R/backend-memory.R:339-392 contains call symbol .require_memory_backend"
".cube_read_spatial_pairs_memory",".validate_spatial_pair_read","internal","internal","R/backend-memory.R","R/backend-index.R","static direct symbol call","R/backend-memory.R:339-392 contains call symbol .validate_spatial_pair_read"
".cube_read_spatial_pairs_memory",".spatial_pair_map","internal","internal","R/backend-memory.R","R/backend-index.R","static direct symbol call","R/backend-memory.R:339-392 contains call symbol .spatial_pair_map"
".cube_write_block",".cube_backend","internal","internal","R/backend-memory.R","R/backend-memory.R","static direct symbol call","R/backend-memory.R:394-480 contains call symbol .cube_backend"
".cube_write_block",".check_cube","internal","internal","R/backend-memory.R","R/utils-internal.R","static direct symbol call","R/backend-memory.R:394-480 contains call symbol .check_cube"
".cube_write_block",".require_memory_backend","internal","internal","R/backend-memory.R","R/backend-memory.R","static direct symbol call","R/backend-memory.R:394-480 contains call symbol .require_memory_backend"
".cube_write_block",".abort_badarg","internal","internal","R/backend-memory.R","R/utils-internal.R","static direct symbol call","R/backend-memory.R:394-480 contains call symbol .abort_badarg"
".cube_write_block",".validate_cube_block","internal","internal","R/backend-memory.R","R/backend-memory.R","static direct symbol call","R/backend-memory.R:394-480 contains call symbol .validate_cube_block"
".new_collected_memory_cube","ocean_cube","internal","public","R/backend-memory.R","R/ocean_cube.R","static direct symbol call","R/backend-memory.R:482-507 contains call symbol ocean_cube"
".new_collected_memory_cube",".check_cube","internal","internal","R/backend-memory.R","R/utils-internal.R","static direct symbol call","R/backend-memory.R:482-507 contains call symbol .check_cube"
".new_selected_memory_cube","ocean_cube","internal","public","R/backend-memory.R","R/ocean_cube.R","static direct symbol call","R/backend-memory.R:509-536 contains call symbol ocean_cube"
".new_selected_memory_cube",".check_cube","internal","internal","R/backend-memory.R","R/utils-internal.R","static direct symbol call","R/backend-memory.R:509-536 contains call symbol .check_cube"
".netcdf_scalar_string",".abort_badarg","internal","internal","R/backend-netcdf.R","R/utils-internal.R","static direct symbol call","R/backend-netcdf.R:7-23 contains call symbol .abort_badarg"
".with_netcdf_connection",".netcdf_scalar_string","internal","internal","R/backend-netcdf.R","R/backend-netcdf.R","static direct symbol call","R/backend-netcdf.R:55-72 contains call symbol .netcdf_scalar_string"
".with_netcdf_connection",".abort_badarg","internal","internal","R/backend-netcdf.R","R/utils-internal.R","static direct symbol call","R/backend-netcdf.R:55-72 contains call symbol .abort_badarg"
".with_netcdf_connection",".netcdf_abort","internal","internal","R/backend-netcdf.R","R/backend-netcdf.R","static direct symbol call","R/backend-netcdf.R:55-72 contains call symbol .netcdf_abort"
".netcdf_file_identity",".netcdf_scalar_string","internal","internal","R/backend-netcdf.R","R/backend-netcdf.R","static direct symbol call","R/backend-netcdf.R:74-117 contains call symbol .netcdf_scalar_string"
".netcdf_file_identity",".netcdf_abort","internal","internal","R/backend-netcdf.R","R/backend-netcdf.R","static direct symbol call","R/backend-netcdf.R:74-117 contains call symbol .netcdf_abort"
".netcdf_file_identity",".netcdf_as_utc","internal","internal","R/backend-netcdf.R","R/backend-netcdf.R","static direct symbol call","R/backend-netcdf.R:74-117 contains call symbol .netcdf_as_utc"
".validate_netcdf_file_identity",".netcdf_abort","internal","internal","R/backend-netcdf.R","R/backend-netcdf.R","static direct symbol call","R/backend-netcdf.R:119-190 contains call symbol .netcdf_abort"
".validate_netcdf_file_identity",".netcdf_scalar_string","internal","internal","R/backend-netcdf.R","R/backend-netcdf.R","static direct symbol call","R/backend-netcdf.R:119-190 contains call symbol .netcdf_scalar_string"
".validate_netcdf_file_identity",".netcdf_as_utc","internal","internal","R/backend-netcdf.R","R/backend-netcdf.R","static direct symbol call","R/backend-netcdf.R:119-190 contains call symbol .netcdf_as_utc"
".netcdf_dimension_metadata",".netcdf_attribute","internal","internal","R/backend-netcdf.R","R/backend-netcdf.R","static direct symbol call","R/backend-netcdf.R:192-216 contains call symbol .netcdf_attribute"
".netcdf_dimension_metadata",".netcdf_optional_string","internal","internal","R/backend-netcdf.R","R/backend-netcdf.R","static direct symbol call","R/backend-netcdf.R:192-216 contains call symbol .netcdf_optional_string"
".resolve_netcdf_dimension",".netcdf_scalar_string","internal","internal","R/backend-netcdf.R","R/backend-netcdf.R","static direct symbol call","R/backend-netcdf.R:265-354 contains call symbol .netcdf_scalar_string"
".resolve_netcdf_dimension",".netcdf_abort","internal","internal","R/backend-netcdf.R","R/backend-netcdf.R","static direct symbol call","R/backend-netcdf.R:265-354 contains call symbol .netcdf_abort"
".resolve_netcdf_dimension",".netcdf_dimension_evidence","internal","internal","R/backend-netcdf.R","R/backend-netcdf.R","static direct symbol call","R/backend-netcdf.R:265-354 contains call symbol .netcdf_dimension_evidence"
".decode_netcdf_time",".netcdf_optional_string","internal","internal","R/backend-netcdf.R","R/backend-netcdf.R","static direct symbol call","R/backend-netcdf.R:364-429 contains call symbol .netcdf_optional_string"
".decode_netcdf_time",".netcdf_abort","internal","internal","R/backend-netcdf.R","R/backend-netcdf.R","static direct symbol call","R/backend-netcdf.R:364-429 contains call symbol .netcdf_abort"
".validate_netcdf_variables_argument",".abort_badarg","internal","internal","R/backend-netcdf.R","R/utils-internal.R","static direct symbol call","R/backend-netcdf.R:431-445 contains call symbol .abort_badarg"
".netcdf_variable_map",".netcdf_abort","internal","internal","R/backend-netcdf.R","R/backend-netcdf.R","static direct symbol call","R/backend-netcdf.R:447-574 contains call symbol .netcdf_abort"
".netcdf_variable_map",".netcdf_optional_string","internal","internal","R/backend-netcdf.R","R/backend-netcdf.R","static direct symbol call","R/backend-netcdf.R:447-574 contains call symbol .netcdf_optional_string"
".netcdf_variable_map",".netcdf_attribute","internal","internal","R/backend-netcdf.R","R/backend-netcdf.R","static direct symbol call","R/backend-netcdf.R:447-574 contains call symbol .netcdf_attribute"
".netcdf_variable_map",".netcdf_optional_number","internal","internal","R/backend-netcdf.R","R/backend-netcdf.R","static direct symbol call","R/backend-netcdf.R:447-574 contains call symbol .netcdf_optional_number"
".new_netcdf_storage",".validate_netcdf_variables_argument","internal","internal","R/backend-netcdf.R","R/backend-netcdf.R","static direct symbol call","R/backend-netcdf.R:593-840 contains call symbol .validate_netcdf_variables_argument"
".new_netcdf_storage",".netcdf_scalar_string","internal","internal","R/backend-netcdf.R","R/backend-netcdf.R","static direct symbol call","R/backend-netcdf.R:593-840 contains call symbol .netcdf_scalar_string"
".new_netcdf_storage",".netcdf_file_identity","internal","internal","R/backend-netcdf.R","R/backend-netcdf.R","static direct symbol call","R/backend-netcdf.R:593-840 contains call symbol .netcdf_file_identity"
".new_netcdf_storage",".with_netcdf_connection","internal","internal","R/backend-netcdf.R","R/backend-netcdf.R","static direct symbol call","R/backend-netcdf.R:593-840 contains call symbol .with_netcdf_connection"
".new_netcdf_storage",".netcdf_abort","internal","internal","R/backend-netcdf.R","R/backend-netcdf.R","static direct symbol call","R/backend-netcdf.R:593-840 contains call symbol .netcdf_abort"
".new_netcdf_storage",".netcdf_dimension_metadata","internal","internal","R/backend-netcdf.R","R/backend-netcdf.R","static direct symbol call","R/backend-netcdf.R:593-840 contains call symbol .netcdf_dimension_metadata"
".new_netcdf_storage",".resolve_netcdf_dimension","internal","internal","R/backend-netcdf.R","R/backend-netcdf.R","static direct symbol call","R/backend-netcdf.R:593-840 contains call symbol .resolve_netcdf_dimension"
".new_netcdf_storage",".read_netcdf_coordinate","internal","internal","R/backend-netcdf.R","R/backend-netcdf.R","static direct symbol call","R/backend-netcdf.R:593-840 contains call symbol .read_netcdf_coordinate"
".new_netcdf_storage",".decode_netcdf_time","internal","internal","R/backend-netcdf.R","R/backend-netcdf.R","static direct symbol call","R/backend-netcdf.R:593-840 contains call symbol .decode_netcdf_time"
".new_netcdf_storage",".netcdf_variable_map","internal","internal","R/backend-netcdf.R","R/backend-netcdf.R","static direct symbol call","R/backend-netcdf.R:593-840 contains call symbol .netcdf_variable_map"
".new_netcdf_storage",".check_cube_coordinates","internal","internal","R/backend-netcdf.R","R/utils-internal.R","static direct symbol call","R/backend-netcdf.R:593-840 contains call symbol .check_cube_coordinates"
".new_netcdf_storage",".netcdf_canonical_dimension","internal","internal","R/backend-netcdf.R","R/backend-netcdf.R","static direct symbol call","R/backend-netcdf.R:593-840 contains call symbol .netcdf_canonical_dimension"
".new_netcdf_storage",".cube_axis_names","internal","internal","R/backend-netcdf.R","R/backend-memory.R","static direct symbol call","R/backend-netcdf.R:593-840 contains call symbol .cube_axis_names"
".new_netcdf_storage",".netcdf_as_utc","internal","internal","R/backend-netcdf.R","R/backend-netcdf.R","static direct symbol call","R/backend-netcdf.R:593-840 contains call symbol .netcdf_as_utc"
".new_netcdf_storage",".validate_netcdf_storage","internal","internal","R/backend-netcdf.R","R/backend-netcdf.R","static direct symbol call","R/backend-netcdf.R:593-840 contains call symbol .validate_netcdf_storage"
".netcdf_contains_forbidden_object",".netcdf_contains_forbidden_object","internal","internal","R/backend-netcdf.R","R/backend-netcdf.R","static direct symbol call","R/backend-netcdf.R:842-851 contains call symbol .netcdf_contains_forbidden_object"
".validate_netcdf_storage",".netcdf_abort","internal","internal","R/backend-netcdf.R","R/backend-netcdf.R","static direct symbol call","R/backend-netcdf.R:853-1124 contains call symbol .netcdf_abort"
".validate_netcdf_storage",".netcdf_contains_forbidden_object","internal","internal","R/backend-netcdf.R","R/backend-netcdf.R","static direct symbol call","R/backend-netcdf.R:853-1124 contains call symbol .netcdf_contains_forbidden_object"
".validate_netcdf_storage",".cube_axis_names","internal","internal","R/backend-netcdf.R","R/backend-memory.R","static direct symbol call","R/backend-netcdf.R:853-1124 contains call symbol .cube_axis_names"
".validate_netcdf_storage",".validate_netcdf_file_identity","internal","internal","R/backend-netcdf.R","R/backend-netcdf.R","static direct symbol call","R/backend-netcdf.R:853-1124 contains call symbol .validate_netcdf_file_identity"
".translate_netcdf_block",".netcdf_abort","internal","internal","R/backend-netcdf.R","R/backend-netcdf.R","static direct symbol call","R/backend-netcdf.R:1126-1188 contains call symbol .netcdf_abort"
".translate_netcdf_block","%||%","internal","internal","R/backend-netcdf.R","R/utils-internal.R","static direct symbol call","R/backend-netcdf.R:1126-1188 contains call symbol %||%"
".ncvar_get_block",".netcdf_abort","internal","internal","R/backend-netcdf.R","R/backend-netcdf.R","static direct symbol call","R/backend-netcdf.R:1190-1212 contains call symbol .netcdf_abort"
".validate_netcdf_physical_schema",".netcdf_abort","internal","internal","R/backend-netcdf.R","R/backend-netcdf.R","static direct symbol call","R/backend-netcdf.R:1235-1284 contains call symbol .netcdf_abort"
".read_netcdf_variable_block",".translate_netcdf_block","internal","internal","R/backend-netcdf.R","R/backend-netcdf.R","static direct symbol call","R/backend-netcdf.R:1286-1351 contains call symbol .translate_netcdf_block"
".read_netcdf_variable_block",".ncvar_get_block","internal","internal","R/backend-netcdf.R","R/backend-netcdf.R","static direct symbol call","R/backend-netcdf.R:1286-1351 contains call symbol .ncvar_get_block"
".read_netcdf_variable_block",".netcdf_abort","internal","internal","R/backend-netcdf.R","R/backend-netcdf.R","static direct symbol call","R/backend-netcdf.R:1286-1351 contains call symbol .netcdf_abort"
".read_netcdf_variable_block",".decode_netcdf_block","internal","internal","R/backend-netcdf.R","R/backend-netcdf.R","static direct symbol call","R/backend-netcdf.R:1286-1351 contains call symbol .decode_netcdf_block"
".netcdf_block_dimnames",".cube_axis_names","internal","internal","R/backend-netcdf.R","R/backend-memory.R","static direct symbol call","R/backend-netcdf.R:1353-1364 contains call symbol .cube_axis_names"
".read_netcdf_index_plan",".validate_netcdf_storage","internal","internal","R/backend-netcdf.R","R/backend-netcdf.R","static direct symbol call","R/backend-netcdf.R:1366-1414 contains call symbol .validate_netcdf_storage"
".read_netcdf_index_plan",".netcdf_block_dimnames","internal","internal","R/backend-netcdf.R","R/backend-netcdf.R","static direct symbol call","R/backend-netcdf.R:1366-1414 contains call symbol .netcdf_block_dimnames"
".read_netcdf_index_plan",".with_netcdf_connection","internal","internal","R/backend-netcdf.R","R/backend-netcdf.R","static direct symbol call","R/backend-netcdf.R:1366-1414 contains call symbol .with_netcdf_connection"
".read_netcdf_index_plan",".validate_netcdf_physical_schema","internal","internal","R/backend-netcdf.R","R/backend-netcdf.R","static direct symbol call","R/backend-netcdf.R:1366-1414 contains call symbol .validate_netcdf_physical_schema"
".read_netcdf_index_plan",".read_netcdf_variable_block","internal","internal","R/backend-netcdf.R","R/backend-netcdf.R","static direct symbol call","R/backend-netcdf.R:1366-1414 contains call symbol .read_netcdf_variable_block"
".cube_read_block_netcdf",".check_cube","internal","internal","R/backend-netcdf.R","R/utils-internal.R","static direct symbol call","R/backend-netcdf.R:1416-1425 contains call symbol .check_cube"
".cube_read_block_netcdf",".validate_cube_block","internal","internal","R/backend-netcdf.R","R/backend-memory.R","static direct symbol call","R/backend-netcdf.R:1416-1425 contains call symbol .validate_cube_block"
".cube_read_block_netcdf",".cube_storage_shape","internal","internal","R/backend-netcdf.R","R/backend-memory.R","static direct symbol call","R/backend-netcdf.R:1416-1425 contains call symbol .cube_storage_shape"
".cube_read_block_netcdf",".plan_cube_index_read","internal","internal","R/backend-netcdf.R","R/backend-index.R","static direct symbol call","R/backend-netcdf.R:1416-1425 contains call symbol .plan_cube_index_read"
".cube_read_block_netcdf",".read_netcdf_index_plan","internal","internal","R/backend-netcdf.R","R/backend-netcdf.R","static direct symbol call","R/backend-netcdf.R:1416-1425 contains call symbol .read_netcdf_index_plan"
".cube_read_netcdf",".check_cube","internal","internal","R/backend-netcdf.R","R/utils-internal.R","static direct symbol call","R/backend-netcdf.R:1427-1441 contains call symbol .check_cube"
".cube_read_netcdf",".abort_badarg","internal","internal","R/backend-netcdf.R","R/utils-internal.R","static direct symbol call","R/backend-netcdf.R:1427-1441 contains call symbol .abort_badarg"
".cube_read_netcdf",".plan_cube_index_read","internal","internal","R/backend-netcdf.R","R/backend-index.R","static direct symbol call","R/backend-netcdf.R:1427-1441 contains call symbol .plan_cube_index_read"
".cube_read_netcdf",".read_netcdf_index_plan","internal","internal","R/backend-netcdf.R","R/backend-netcdf.R","static direct symbol call","R/backend-netcdf.R:1427-1441 contains call symbol .read_netcdf_index_plan"
".cube_read_spatial_pairs_netcdf",".check_cube","internal","internal","R/backend-netcdf.R","R/utils-internal.R","static direct symbol call","R/backend-netcdf.R:1443-1536 contains call symbol .check_cube"
".cube_read_spatial_pairs_netcdf",".validate_spatial_pair_read","internal","internal","R/backend-netcdf.R","R/backend-index.R","static direct symbol call","R/backend-netcdf.R:1443-1536 contains call symbol .validate_spatial_pair_read"
".cube_read_spatial_pairs_netcdf",".validate_netcdf_storage","internal","internal","R/backend-netcdf.R","R/backend-netcdf.R","static direct symbol call","R/backend-netcdf.R:1443-1536 contains call symbol .validate_netcdf_storage"
".cube_read_spatial_pairs_netcdf",".spatial_pair_map","internal","internal","R/backend-netcdf.R","R/backend-index.R","static direct symbol call","R/backend-netcdf.R:1443-1536 contains call symbol .spatial_pair_map"
".cube_read_spatial_pairs_netcdf",".with_netcdf_connection","internal","internal","R/backend-netcdf.R","R/backend-netcdf.R","static direct symbol call","R/backend-netcdf.R:1443-1536 contains call symbol .with_netcdf_connection"
".cube_read_spatial_pairs_netcdf",".validate_netcdf_physical_schema","internal","internal","R/backend-netcdf.R","R/backend-netcdf.R","static direct symbol call","R/backend-netcdf.R:1443-1536 contains call symbol .validate_netcdf_physical_schema"
".cube_read_spatial_pairs_netcdf",".read_netcdf_variable_block","internal","internal","R/backend-netcdf.R","R/backend-netcdf.R","static direct symbol call","R/backend-netcdf.R:1443-1536 contains call symbol .read_netcdf_variable_block"
".new_netcdf_cube",".validate_netcdf_storage","internal","internal","R/backend-netcdf.R","R/backend-netcdf.R","static direct symbol call","R/backend-netcdf.R:1538-1609 contains call symbol .validate_netcdf_storage"
".new_netcdf_cube","%||%","internal","internal","R/backend-netcdf.R","R/utils-internal.R","static direct symbol call","R/backend-netcdf.R:1538-1609 contains call symbol %||%"
".new_netcdf_cube",".netcdf_scalar_string","internal","internal","R/backend-netcdf.R","R/backend-netcdf.R","static direct symbol call","R/backend-netcdf.R:1538-1609 contains call symbol .netcdf_scalar_string"
".new_netcdf_cube",".check_cube","internal","internal","R/backend-netcdf.R","R/utils-internal.R","static direct symbol call","R/backend-netcdf.R:1538-1609 contains call symbol .check_cube"
"clim_day",".check_cube","public","internal","R/clim_day.R","R/utils-internal.R","static direct symbol call","R/clim_day.R:19-114 contains call symbol .check_cube"
"clim_day",".abort_badarg","public","internal","R/clim_day.R","R/utils-internal.R","static direct symbol call","R/clim_day.R:19-114 contains call symbol .abort_badarg"
"clim_day",".date_key","public","internal","R/clim_day.R","R/clim_day.R","static direct symbol call","R/clim_day.R:19-114 contains call symbol .date_key"
"clim_day",".daily_keys","public","internal","R/clim_day.R","R/clim_day.R","static direct symbol call","R/clim_day.R:19-114 contains call symbol .daily_keys"
"clim_day",".cube_shape","public","internal","R/clim_day.R","R/utils-internal.R","static direct symbol call","R/clim_day.R:19-114 contains call symbol .cube_shape"
"clim_day",".cube_read","public","internal","R/clim_day.R","R/backend-memory.R","static direct symbol call","R/clim_day.R:19-114 contains call symbol .cube_read"
"clim_day",".safe_mean","public","internal","R/clim_day.R","R/utils-internal.R","static direct symbol call","R/clim_day.R:19-114 contains call symbol .safe_mean"
"clim_day",".safe_sd","public","internal","R/clim_day.R","R/utils-internal.R","static direct symbol call","R/clim_day.R:19-114 contains call symbol .safe_sd"
"clim_day",".make_provenance","public","internal","R/clim_day.R","R/utils-internal.R","static direct symbol call","R/clim_day.R:19-114 contains call symbol .make_provenance"
"print.ocean_clim","%||%","internal","internal","R/clim_day.R","R/utils-internal.R","static direct symbol call","R/clim_day.R:117-125 contains call symbol %||%"
"clim_month",".check_cube","public","internal","R/clim_month.R","R/utils-internal.R","static direct symbol call","R/clim_month.R:8-68 contains call symbol .check_cube"
"clim_month",".abort_badarg","public","internal","R/clim_month.R","R/utils-internal.R","static direct symbol call","R/clim_month.R:8-68 contains call symbol .abort_badarg"
"clim_month",".cube_shape","public","internal","R/clim_month.R","R/utils-internal.R","static direct symbol call","R/clim_month.R:8-68 contains call symbol .cube_shape"
"clim_month",".cube_read","public","internal","R/clim_month.R","R/backend-memory.R","static direct symbol call","R/clim_month.R:8-68 contains call symbol .cube_read"
"clim_month",".safe_mean","public","internal","R/clim_month.R","R/utils-internal.R","static direct symbol call","R/clim_month.R:8-68 contains call symbol .safe_mean"
"clim_month",".safe_sd","public","internal","R/clim_month.R","R/utils-internal.R","static direct symbol call","R/clim_month.R:8-68 contains call symbol .safe_sd"
"clim_month",".make_provenance","public","internal","R/clim_month.R","R/utils-internal.R","static direct symbol call","R/clim_month.R:8-68 contains call symbol .make_provenance"
"cm_setup",".message_info","public","internal","R/cm_setup.R","R/utils-internal.R","static direct symbol call","R/cm_setup.R:13-40 contains call symbol .message_info"
"cm_setup",".message_done","public","internal","R/cm_setup.R","R/utils-internal.R","static direct symbol call","R/cm_setup.R:13-40 contains call symbol .message_done"
"cm_connect",".message_info","public","internal","R/cm_setup.R","R/utils-internal.R","static direct symbol call","R/cm_setup.R:51-62 contains call symbol .message_info"
"cm_connect",".message_done","public","internal","R/cm_setup.R","R/utils-internal.R","static direct symbol call","R/cm_setup.R:51-62 contains call symbol .message_done"
"coast_dist",".check_cube","public","internal","R/coast_dist.R","R/utils-internal.R","static direct symbol call","R/coast_dist.R:8-38 contains call symbol .check_cube"
"coast_dist",".cube_shape","public","internal","R/coast_dist.R","R/utils-internal.R","static direct symbol call","R/coast_dist.R:8-38 contains call symbol .cube_shape"
"coast_dist",".abort_badarg","public","internal","R/coast_dist.R","R/utils-internal.R","static direct symbol call","R/coast_dist.R:8-38 contains call symbol .abort_badarg"
"coast_dist",".make_provenance","public","internal","R/coast_dist.R","R/utils-internal.R","static direct symbol call","R/coast_dist.R:8-38 contains call symbol .make_provenance"
"cube_collect",".check_cube","public","internal","R/cube_collect.R","R/utils-internal.R","static direct symbol call","R/cube_collect.R:35-87 contains call symbol .check_cube"
"cube_collect",".cube_backend","public","internal","R/cube_collect.R","R/backend-memory.R","static direct symbol call","R/cube_collect.R:35-87 contains call symbol .cube_backend"
"cube_collect",".cube_estimated_bytes","public","internal","R/cube_collect.R","R/cube_collect.R","static direct symbol call","R/cube_collect.R:35-87 contains call symbol .cube_estimated_bytes"
"cube_collect",".cube_read","public","internal","R/cube_collect.R","R/backend-memory.R","static direct symbol call","R/cube_collect.R:35-87 contains call symbol .cube_read"
"cube_collect",".cube_shape","public","internal","R/cube_collect.R","R/utils-internal.R","static direct symbol call","R/cube_collect.R:35-87 contains call symbol .cube_shape"
"cube_collect",".netcdf_as_utc","public","internal","R/cube_collect.R","R/backend-netcdf.R","static direct symbol call","R/cube_collect.R:35-87 contains call symbol .netcdf_as_utc"
"cube_collect",".new_collected_memory_cube","public","internal","R/cube_collect.R","R/backend-memory.R","static direct symbol call","R/cube_collect.R:35-87 contains call symbol .new_collected_memory_cube"
".cube_estimated_bytes",".cube_shape","internal","internal","R/cube_collect.R","R/utils-internal.R","static direct symbol call","R/cube_collect.R:89-109 contains call symbol .cube_shape"
".cube_estimated_bytes",".cube_product_as_double","internal","internal","R/cube_collect.R","R/backend-index.R","static direct symbol call","R/cube_collect.R:89-109 contains call symbol .cube_product_as_double"
"cube_crop",".check_cube","public","internal","R/cube_crop.R","R/utils-internal.R","static direct symbol call","R/cube_crop.R:59-147 contains call symbol .check_cube"
"cube_crop",".cube_backend","public","internal","R/cube_crop.R","R/backend-memory.R","static direct symbol call","R/cube_crop.R:59-147 contains call symbol .cube_backend"
"cube_crop",".resolve_crop_bbox","public","internal","R/cube_crop.R","R/cube_crop.R","static direct symbol call","R/cube_crop.R:59-147 contains call symbol .resolve_crop_bbox"
"cube_crop",".resolve_cube_crop","public","internal","R/cube_crop.R","R/cube_crop.R","static direct symbol call","R/cube_crop.R:59-147 contains call symbol .resolve_cube_crop"
"cube_crop",".plan_cube_index_read","public","internal","R/cube_crop.R","R/backend-index.R","static direct symbol call","R/cube_crop.R:59-147 contains call symbol .plan_cube_index_read"
"cube_crop",".cube_read","public","internal","R/cube_crop.R","R/backend-memory.R","static direct symbol call","R/cube_crop.R:59-147 contains call symbol .cube_read"
"cube_crop",".selection_auxiliary_components","public","internal","R/cube_crop.R","R/cube_slice.R","static direct symbol call","R/cube_crop.R:59-147 contains call symbol .selection_auxiliary_components"
"cube_crop",".selection_units","public","internal","R/cube_crop.R","R/cube_slice.R","static direct symbol call","R/cube_crop.R:59-147 contains call symbol .selection_units"
"cube_crop",".netcdf_as_utc","public","internal","R/cube_crop.R","R/backend-netcdf.R","static direct symbol call","R/cube_crop.R:59-147 contains call symbol .netcdf_as_utc"
"cube_crop",".new_selected_memory_cube","public","internal","R/cube_crop.R","R/backend-memory.R","static direct symbol call","R/cube_crop.R:59-147 contains call symbol .new_selected_memory_cube"
".resolve_crop_bbox",".abort_badarg","internal","internal","R/cube_crop.R","R/utils-internal.R","static direct symbol call","R/cube_crop.R:149-201 contains call symbol .abort_badarg"
".resolve_cube_crop",".cube_axis_names","internal","internal","R/cube_crop.R","R/backend-memory.R","static direct symbol call","R/cube_crop.R:203-261 contains call symbol .cube_axis_names"
".resolve_cube_crop",".resolve_time_crop_range","internal","internal","R/cube_crop.R","R/cube_crop.R","static direct symbol call","R/cube_crop.R:203-261 contains call symbol .resolve_time_crop_range"
".resolve_cube_crop",".resolve_numeric_crop_range","internal","internal","R/cube_crop.R","R/cube_crop.R","static direct symbol call","R/cube_crop.R:203-261 contains call symbol .resolve_numeric_crop_range"
".resolve_cube_crop",".resolve_selected_variables","internal","internal","R/cube_crop.R","R/cube_slice.R","static direct symbol call","R/cube_crop.R:203-261 contains call symbol .resolve_selected_variables"
".resolve_cube_crop",".validate_cube_index","internal","internal","R/cube_crop.R","R/backend-memory.R","static direct symbol call","R/cube_crop.R:203-261 contains call symbol .validate_cube_index"
".resolve_cube_crop",".cube_shape","internal","internal","R/cube_crop.R","R/utils-internal.R","static direct symbol call","R/cube_crop.R:203-261 contains call symbol .cube_shape"
".validate_numeric_crop_range",".abort_badarg","internal","internal","R/cube_crop.R","R/utils-internal.R","static direct symbol call","R/cube_crop.R:263-286 contains call symbol .abort_badarg"
".crop_range_outside",".slice_format_values","internal","internal","R/cube_crop.R","R/cube_slice.R","static direct symbol call","R/cube_crop.R:288-301 contains call symbol .slice_format_values"
".crop_range_no_overlap",".slice_format_values","internal","internal","R/cube_crop.R","R/cube_slice.R","static direct symbol call","R/cube_crop.R:303-316 contains call symbol .slice_format_values"
".crop_range_no_coordinates",".slice_format_values","internal","internal","R/cube_crop.R","R/cube_slice.R","static direct symbol call","R/cube_crop.R:318-329 contains call symbol .slice_format_values"
".resolve_numeric_crop_range",".abort_badarg","internal","internal","R/cube_crop.R","R/utils-internal.R","static direct symbol call","R/cube_crop.R:331-397 contains call symbol .abort_badarg"
".resolve_numeric_crop_range",".validate_numeric_crop_range","internal","internal","R/cube_crop.R","R/cube_crop.R","static direct symbol call","R/cube_crop.R:331-397 contains call symbol .validate_numeric_crop_range"
".resolve_numeric_crop_range",".crop_range_outside","internal","internal","R/cube_crop.R","R/cube_crop.R","static direct symbol call","R/cube_crop.R:331-397 contains call symbol .crop_range_outside"
".resolve_numeric_crop_range",".crop_range_no_overlap","internal","internal","R/cube_crop.R","R/cube_crop.R","static direct symbol call","R/cube_crop.R:331-397 contains call symbol .crop_range_no_overlap"
".resolve_numeric_crop_range",".crop_range_no_coordinates","internal","internal","R/cube_crop.R","R/cube_crop.R","static direct symbol call","R/cube_crop.R:331-397 contains call symbol .crop_range_no_coordinates"
".resolve_time_crop_range",".crop_time_class","internal","internal","R/cube_crop.R","R/cube_crop.R","static direct symbol call","R/cube_crop.R:419-492 contains call symbol .crop_time_class"
".resolve_time_crop_range",".abort_badarg","internal","internal","R/cube_crop.R","R/utils-internal.R","static direct symbol call","R/cube_crop.R:419-492 contains call symbol .abort_badarg"
".resolve_time_crop_range",".crop_posix_timezone","internal","internal","R/cube_crop.R","R/cube_crop.R","static direct symbol call","R/cube_crop.R:419-492 contains call symbol .crop_posix_timezone"
".resolve_time_crop_range",".crop_range_outside","internal","internal","R/cube_crop.R","R/cube_crop.R","static direct symbol call","R/cube_crop.R:419-492 contains call symbol .crop_range_outside"
".resolve_time_crop_range",".crop_range_no_overlap","internal","internal","R/cube_crop.R","R/cube_crop.R","static direct symbol call","R/cube_crop.R:419-492 contains call symbol .crop_range_no_overlap"
".resolve_time_crop_range",".crop_range_no_coordinates","internal","internal","R/cube_crop.R","R/cube_crop.R","static direct symbol call","R/cube_crop.R:419-492 contains call symbol .crop_range_no_coordinates"
"cube_extract",".check_cube","public","internal","R/cube_extract.R","R/utils-internal.R","static direct symbol call","R/cube_extract.R:85-257 contains call symbol .check_cube"
"cube_extract",".cube_backend","public","internal","R/cube_extract.R","R/backend-memory.R","static direct symbol call","R/cube_extract.R:85-257 contains call symbol .cube_backend"
"cube_extract",".validate_extract_flag","public","internal","R/cube_extract.R","R/cube_extract.R","static direct symbol call","R/cube_extract.R:85-257 contains call symbol .validate_extract_flag"
"cube_extract",".abort_badarg","public","internal","R/cube_extract.R","R/utils-internal.R","static direct symbol call","R/cube_extract.R:85-257 contains call symbol .abort_badarg"
"cube_extract",".resolve_cube_slice","public","internal","R/cube_extract.R","R/cube_slice.R","static direct symbol call","R/cube_extract.R:85-257 contains call symbol .resolve_cube_slice"
"cube_extract",".validate_extract_mode","public","internal","R/cube_extract.R","R/cube_extract.R","static direct symbol call","R/cube_extract.R:85-257 contains call symbol .validate_extract_mode"
"cube_extract",".estimate_cube_extract","public","internal","R/cube_extract.R","R/cube_extract.R","static direct symbol call","R/cube_extract.R:85-257 contains call symbol .estimate_cube_extract"
"cube_extract",".validate_extract_wide","public","internal","R/cube_extract.R","R/cube_extract.R","static direct symbol call","R/cube_extract.R:85-257 contains call symbol .validate_extract_wide"
"cube_extract",".plan_cube_index_read","public","internal","R/cube_extract.R","R/backend-index.R","static direct symbol call","R/cube_extract.R:85-257 contains call symbol .plan_cube_index_read"
"cube_extract",".cube_read","public","internal","R/cube_extract.R","R/backend-memory.R","static direct symbol call","R/cube_extract.R:85-257 contains call symbol .cube_read"
"cube_extract",".extract_table_units","public","internal","R/cube_extract.R","R/cube_extract.R","static direct symbol call","R/cube_extract.R:85-257 contains call symbol .extract_table_units"
"cube_extract",".cube_extract_long","public","internal","R/cube_extract.R","R/cube_extract.R","static direct symbol call","R/cube_extract.R:85-257 contains call symbol .cube_extract_long"
"cube_extract",".cube_extract_wide","public","internal","R/cube_extract.R","R/cube_extract.R","static direct symbol call","R/cube_extract.R:85-257 contains call symbol .cube_extract_wide"
"cube_extract",".extract_selected_coordinates","public","internal","R/cube_extract.R","R/cube_extract.R","static direct symbol call","R/cube_extract.R:85-257 contains call symbol .extract_selected_coordinates"
"cube_extract",".cube_axis_names","public","internal","R/cube_extract.R","R/backend-memory.R","static direct symbol call","R/cube_extract.R:85-257 contains call symbol .cube_axis_names"
"cube_extract",".netcdf_as_utc","public","internal","R/cube_extract.R","R/backend-netcdf.R","static direct symbol call","R/cube_extract.R:85-257 contains call symbol .netcdf_as_utc"
".validate_extract_flag",".abort_badarg","internal","internal","R/cube_extract.R","R/utils-internal.R","static direct symbol call","R/cube_extract.R:259-264 contains call symbol .abort_badarg"
".estimate_cube_extract",".cube_product_as_double","internal","internal","R/cube_extract.R","R/backend-index.R","static direct symbol call","R/cube_extract.R:303-349 contains call symbol .cube_product_as_double"
".extract_selected_coordinates",".extract_cube_coordinates","internal","internal","R/cube_extract.R","R/cube_extract.R","static direct symbol call","R/cube_extract.R:361-363 contains call symbol .extract_cube_coordinates"
".extract_table_units",".selection_units","internal","internal","R/cube_extract.R","R/cube_slice.R","static direct symbol call","R/cube_extract.R:365-382 contains call symbol .selection_units"
".extract_local_indices",".cube_axis_names","internal","internal","R/cube_extract.R","R/backend-memory.R","static direct symbol call","R/cube_extract.R:384-390 contains call symbol .cube_axis_names"
".cube_extract_long",".extract_local_indices","internal","internal","R/cube_extract.R","R/cube_extract.R","static direct symbol call","R/cube_extract.R:412-445 contains call symbol .extract_local_indices"
".cube_extract_long",".extract_selected_coordinates","internal","internal","R/cube_extract.R","R/cube_extract.R","static direct symbol call","R/cube_extract.R:412-445 contains call symbol .extract_selected_coordinates"
".cube_extract_long",".append_extract_indices","internal","internal","R/cube_extract.R","R/cube_extract.R","static direct symbol call","R/cube_extract.R:412-445 contains call symbol .append_extract_indices"
".cube_extract_long",".cube_axis_names","internal","internal","R/cube_extract.R","R/backend-memory.R","static direct symbol call","R/cube_extract.R:412-445 contains call symbol .cube_axis_names"
".cube_extract_long",".append_extract_distances","internal","internal","R/cube_extract.R","R/cube_extract.R","static direct symbol call","R/cube_extract.R:412-445 contains call symbol .append_extract_distances"
".validate_extract_wide",".abort_badarg","internal","internal","R/cube_extract.R","R/utils-internal.R","static direct symbol call","R/cube_extract.R:447-484 contains call symbol .abort_badarg"
".validate_extract_wide",".extract_selected_coordinates","internal","internal","R/cube_extract.R","R/cube_extract.R","static direct symbol call","R/cube_extract.R:447-484 contains call symbol .extract_selected_coordinates"
".validate_extract_wide",".cube_axis_names","internal","internal","R/cube_extract.R","R/backend-memory.R","static direct symbol call","R/cube_extract.R:447-484 contains call symbol .cube_axis_names"
".cube_extract_wide",".extract_local_indices","internal","internal","R/cube_extract.R","R/cube_extract.R","static direct symbol call","R/cube_extract.R:486-527 contains call symbol .extract_local_indices"
".cube_extract_wide",".extract_selected_coordinates","internal","internal","R/cube_extract.R","R/cube_extract.R","static direct symbol call","R/cube_extract.R:486-527 contains call symbol .extract_selected_coordinates"
".cube_extract_wide",".append_extract_indices","internal","internal","R/cube_extract.R","R/cube_extract.R","static direct symbol call","R/cube_extract.R:486-527 contains call symbol .append_extract_indices"
".cube_extract_wide",".cube_axis_names","internal","internal","R/cube_extract.R","R/backend-memory.R","static direct symbol call","R/cube_extract.R:486-527 contains call symbol .cube_axis_names"
".cube_extract_wide",".append_extract_distances","internal","internal","R/cube_extract.R","R/cube_extract.R","static direct symbol call","R/cube_extract.R:486-527 contains call symbol .append_extract_distances"
"cube_cell_area",".check_cube","public","internal","R/cube_grid_geometry.R","R/utils-internal.R","static direct symbol call","R/cube_grid_geometry.R:15-37 contains call symbol .check_cube"
"cube_cell_area",".cube_horizontal_geometry","public","internal","R/cube_grid_geometry.R","R/cube_grid_geometry.R","static direct symbol call","R/cube_grid_geometry.R:15-37 contains call symbol .cube_horizontal_geometry"
"cube_cell_area",".with_s2_geometry","public","internal","R/cube_grid_geometry.R","R/cube_grid_geometry.R","static direct symbol call","R/cube_grid_geometry.R:15-37 contains call symbol .with_s2_geometry"
"cube_layer_thickness",".check_cube","public","internal","R/cube_grid_geometry.R","R/utils-internal.R","static direct symbol call","R/cube_grid_geometry.R:55-71 contains call symbol .check_cube"
"cube_layer_thickness",".cube_vertical_geometry","public","internal","R/cube_grid_geometry.R","R/cube_grid_geometry.R","static direct symbol call","R/cube_grid_geometry.R:55-71 contains call symbol .cube_vertical_geometry"
"cube_layer_thickness",".depth_conversion_factor","public","internal","R/cube_grid_geometry.R","R/cube_grid_geometry.R","static direct symbol call","R/cube_grid_geometry.R:55-71 contains call symbol .depth_conversion_factor"
"cube_layer_thickness","%||%","public","internal","R/cube_grid_geometry.R","R/utils-internal.R","static direct symbol call","R/cube_grid_geometry.R:55-71 contains call symbol %||%"
"cube_cell_volume",".check_cube","public","internal","R/cube_grid_geometry.R","R/utils-internal.R","static direct symbol call","R/cube_grid_geometry.R:88-112 contains call symbol .check_cube"
"cube_cell_volume","cube_cell_area","public","public","R/cube_grid_geometry.R","R/cube_grid_geometry.R","static direct symbol call","R/cube_grid_geometry.R:88-112 contains call symbol cube_cell_area"
"cube_cell_volume","cube_layer_thickness","public","public","R/cube_grid_geometry.R","R/cube_grid_geometry.R","static direct symbol call","R/cube_grid_geometry.R:88-112 contains call symbol cube_layer_thickness"
".cube_horizontal_geometry",".cube_axis_bounds","internal","internal","R/cube_grid_geometry.R","R/cube_grid_geometry.R","static direct symbol call","R/cube_grid_geometry.R:127-157 contains call symbol .cube_axis_bounds"
".cube_axis_bounds",".validate_geometry_axis","internal","internal","R/cube_grid_geometry.R","R/cube_grid_geometry.R","static direct symbol call","R/cube_grid_geometry.R:159-234 contains call symbol .validate_geometry_axis"
".cube_axis_bounds",".axis_bounds_metadata","internal","internal","R/cube_grid_geometry.R","R/cube_grid_geometry.R","static direct symbol call","R/cube_grid_geometry.R:159-234 contains call symbol .axis_bounds_metadata"
".cube_axis_bounds",".abort_badarg","internal","internal","R/cube_grid_geometry.R","R/utils-internal.R","static direct symbol call","R/cube_grid_geometry.R:159-234 contains call symbol .abort_badarg"
".cube_axis_bounds",".bounds_to_pairs","internal","internal","R/cube_grid_geometry.R","R/cube_grid_geometry.R","static direct symbol call","R/cube_grid_geometry.R:159-234 contains call symbol .bounds_to_pairs"
".validate_geometry_axis",".abort_badarg","internal","internal","R/cube_grid_geometry.R","R/utils-internal.R","static direct symbol call","R/cube_grid_geometry.R:236-262 contains call symbol .abort_badarg"
".bounds_to_pairs",".abort_badarg","internal","internal","R/cube_grid_geometry.R","R/utils-internal.R","static direct symbol call","R/cube_grid_geometry.R:292-313 contains call symbol .abort_badarg"
".cube_vertical_geometry",".abort_badarg","internal","internal","R/cube_grid_geometry.R","R/utils-internal.R","static direct symbol call","R/cube_grid_geometry.R:315-369 contains call symbol .abort_badarg"
".cube_vertical_geometry",".validate_geometry_axis","internal","internal","R/cube_grid_geometry.R","R/cube_grid_geometry.R","static direct symbol call","R/cube_grid_geometry.R:315-369 contains call symbol .validate_geometry_axis"
".cube_vertical_geometry",".vertical_bounds_metadata","internal","internal","R/cube_grid_geometry.R","R/cube_grid_geometry.R","static direct symbol call","R/cube_grid_geometry.R:315-369 contains call symbol .vertical_bounds_metadata"
".cube_vertical_geometry",".bounds_to_pairs","internal","internal","R/cube_grid_geometry.R","R/cube_grid_geometry.R","static direct symbol call","R/cube_grid_geometry.R:315-369 contains call symbol .bounds_to_pairs"
".cube_vertical_geometry",".depth_conversion_factor","internal","internal","R/cube_grid_geometry.R","R/cube_grid_geometry.R","static direct symbol call","R/cube_grid_geometry.R:315-369 contains call symbol .depth_conversion_factor"
".vertical_bounds_metadata",".normalize_depth_unit","internal","internal","R/cube_grid_geometry.R","R/cube_grid_geometry.R","static direct symbol call","R/cube_grid_geometry.R:371-416 contains call symbol .normalize_depth_unit"
".vertical_bounds_metadata","%||%","internal","internal","R/cube_grid_geometry.R","R/utils-internal.R","static direct symbol call","R/cube_grid_geometry.R:371-416 contains call symbol %||%"
".normalize_depth_unit",".abort_badarg","internal","internal","R/cube_grid_geometry.R","R/utils-internal.R","static direct symbol call","R/cube_grid_geometry.R:418-438 contains call symbol .abort_badarg"
".depth_conversion_factor",".abort_badarg","internal","internal","R/cube_grid_geometry.R","R/utils-internal.R","static direct symbol call","R/cube_grid_geometry.R:440-463 contains call symbol .abort_badarg"
"cube_mask",".check_cube","public","internal","R/cube_mask.R","R/utils-internal.R","static direct symbol call","R/cube_mask.R:72-184 contains call symbol .check_cube"
"cube_mask",".cube_backend","public","internal","R/cube_mask.R","R/backend-memory.R","static direct symbol call","R/cube_mask.R:72-184 contains call symbol .cube_backend"
"cube_mask",".normalize_polygon_geometry","public","internal","R/cube_mask.R","R/cube_mask.R","static direct symbol call","R/cube_mask.R:72-184 contains call symbol .normalize_polygon_geometry"
"cube_mask",".cube_cell_centers","public","internal","R/cube_mask.R","R/cube_mask.R","static direct symbol call","R/cube_mask.R:72-184 contains call symbol .cube_cell_centers"
"cube_mask",".classify_cell_centers","public","internal","R/cube_mask.R","R/cube_mask.R","static direct symbol call","R/cube_mask.R:72-184 contains call symbol .classify_cell_centers"
"cube_mask",".combine_cube_masks","public","internal","R/cube_mask.R","R/cube_mask.R","static direct symbol call","R/cube_mask.R:72-184 contains call symbol .combine_cube_masks"
"cube_mask",".plan_masked_cube_read","public","internal","R/cube_mask.R","R/cube_mask.R","static direct symbol call","R/cube_mask.R:72-184 contains call symbol .plan_masked_cube_read"
"cube_mask",".read_masked_cube_values","public","internal","R/cube_mask.R","R/cube_mask.R","static direct symbol call","R/cube_mask.R:72-184 contains call symbol .read_masked_cube_values"
"cube_mask",".canonical_cube_dimnames","public","internal","R/cube_mask.R","R/cube_mask.R","static direct symbol call","R/cube_mask.R:72-184 contains call symbol .canonical_cube_dimnames"
"cube_mask",".apply_cube_mask_5d","public","internal","R/cube_mask.R","R/cube_mask.R","static direct symbol call","R/cube_mask.R:72-184 contains call symbol .apply_cube_mask_5d"
"cube_mask",".mask_coverage","public","internal","R/cube_mask.R","R/cube_mask.R","static direct symbol call","R/cube_mask.R:72-184 contains call symbol .mask_coverage"
"cube_mask",".new_polygon_ocean_mask","public","internal","R/cube_mask.R","R/cube_mask.R","static direct symbol call","R/cube_mask.R:72-184 contains call symbol .new_polygon_ocean_mask"
"cube_mask",".selection_contains_dimensional_data","public","internal","R/cube_mask.R","R/cube_slice.R","static direct symbol call","R/cube_mask.R:72-184 contains call symbol .selection_contains_dimensional_data"
"cube_mask",".netcdf_as_utc","public","internal","R/cube_mask.R","R/backend-netcdf.R","static direct symbol call","R/cube_mask.R:72-184 contains call symbol .netcdf_as_utc"
"cube_mask",".new_collected_memory_cube","public","internal","R/cube_mask.R","R/backend-memory.R","static direct symbol call","R/cube_mask.R:72-184 contains call symbol .new_collected_memory_cube"
".normalize_polygon_geometry",".abort_badarg","internal","internal","R/cube_mask.R","R/utils-internal.R","static direct symbol call","R/cube_mask.R:186-325 contains call symbol .abort_badarg"
".normalize_polygon_geometry",".polygon_crosses_antimeridian","internal","internal","R/cube_mask.R","R/cube_mask.R","static direct symbol call","R/cube_mask.R:186-325 contains call symbol .polygon_crosses_antimeridian"
".normalize_polygon_geometry","%||%","internal","internal","R/cube_mask.R","R/utils-internal.R","static direct symbol call","R/cube_mask.R:186-325 contains call symbol %||%"
".apply_cube_mask_5d",".abort_badarg","internal","internal","R/cube_mask.R","R/utils-internal.R","static direct symbol call","R/cube_mask.R:429-456 contains call symbol .abort_badarg"
".apply_cube_mask_5d",".typed_missing","internal","internal","R/cube_mask.R","R/cube_mask.R","static direct symbol call","R/cube_mask.R:429-456 contains call symbol .typed_missing"
".plan_masked_cube_read",".cube_shape","internal","internal","R/cube_mask.R","R/utils-internal.R","static direct symbol call","R/cube_mask.R:458-518 contains call symbol .cube_shape"
".plan_masked_cube_read",".cube_axis_names","internal","internal","R/cube_mask.R","R/backend-memory.R","static direct symbol call","R/cube_mask.R:458-518 contains call symbol .cube_axis_names"
".read_masked_cube_values",".cube_shape","internal","internal","R/cube_mask.R","R/utils-internal.R","static direct symbol call","R/cube_mask.R:520-542 contains call symbol .cube_shape"
".read_masked_cube_values",".canonical_cube_dimnames","internal","internal","R/cube_mask.R","R/cube_mask.R","static direct symbol call","R/cube_mask.R:520-542 contains call symbol .canonical_cube_dimnames"
".read_masked_cube_values",".cube_read","internal","internal","R/cube_mask.R","R/backend-memory.R","static direct symbol call","R/cube_mask.R:520-542 contains call symbol .cube_read"
".read_masked_cube_values",".typed_missing","internal","internal","R/cube_mask.R","R/cube_mask.R","static direct symbol call","R/cube_mask.R:520-542 contains call symbol .typed_missing"
"cube_polygon_weights",".check_cube","public","internal","R/cube_polygon_weights.R","R/utils-internal.R","static direct symbol call","R/cube_polygon_weights.R:32-114 contains call symbol .check_cube"
"cube_polygon_weights",".abort_badarg","public","internal","R/cube_polygon_weights.R","R/utils-internal.R","static direct symbol call","R/cube_polygon_weights.R:32-114 contains call symbol .abort_badarg"
"cube_polygon_weights",".normalize_polygon_geometry","public","internal","R/cube_polygon_weights.R","R/cube_mask.R","static direct symbol call","R/cube_polygon_weights.R:32-114 contains call symbol .normalize_polygon_geometry"
"cube_polygon_weights",".polygon_feature_ids","public","internal","R/cube_polygon_weights.R","R/cube_polygon_weights.R","static direct symbol call","R/cube_polygon_weights.R:32-114 contains call symbol .polygon_feature_ids"
"cube_polygon_weights",".cube_horizontal_geometry","public","internal","R/cube_polygon_weights.R","R/cube_grid_geometry.R","static direct symbol call","R/cube_polygon_weights.R:32-114 contains call symbol .cube_horizontal_geometry"
"cube_polygon_weights",".with_s2_geometry","public","internal","R/cube_polygon_weights.R","R/cube_grid_geometry.R","static direct symbol call","R/cube_polygon_weights.R:32-114 contains call symbol .with_s2_geometry"
"cube_polygon_weights",".polygon_cell_intersections","public","internal","R/cube_polygon_weights.R","R/cube_polygon_weights.R","static direct symbol call","R/cube_polygon_weights.R:32-114 contains call symbol .polygon_cell_intersections"
"cube_polygon_weights",".polygon_weight_table","public","internal","R/cube_polygon_weights.R","R/cube_polygon_weights.R","static direct symbol call","R/cube_polygon_weights.R:32-114 contains call symbol .polygon_weight_table"
"cube_polygon_weights",".polygon_feature_coverage","public","internal","R/cube_polygon_weights.R","R/cube_polygon_weights.R","static direct symbol call","R/cube_polygon_weights.R:32-114 contains call symbol .polygon_feature_coverage"
"cube_polygon_weights",".add_polygon_coverage_columns","public","internal","R/cube_polygon_weights.R","R/cube_polygon_weights.R","static direct symbol call","R/cube_polygon_weights.R:32-114 contains call symbol .add_polygon_coverage_columns"
"cube_polygon_weights",".cube_vertical_geometry","public","internal","R/cube_polygon_weights.R","R/cube_grid_geometry.R","static direct symbol call","R/cube_polygon_weights.R:32-114 contains call symbol .cube_vertical_geometry"
"cube_polygon_weights",".depth_conversion_factor","public","internal","R/cube_polygon_weights.R","R/cube_grid_geometry.R","static direct symbol call","R/cube_polygon_weights.R:32-114 contains call symbol .depth_conversion_factor"
"cube_polygon_weights",".expand_polygon_weights_depth","public","internal","R/cube_polygon_weights.R","R/cube_polygon_weights.R","static direct symbol call","R/cube_polygon_weights.R:32-114 contains call symbol .expand_polygon_weights_depth"
".polygon_feature_ids",".abort_badarg","internal","internal","R/cube_polygon_weights.R","R/utils-internal.R","static direct symbol call","R/cube_polygon_weights.R:116-141 contains call symbol .abort_badarg"
"cube_slice",".check_cube","public","internal","R/cube_slice.R","R/utils-internal.R","static direct symbol call","R/cube_slice.R:66-171 contains call symbol .check_cube"
"cube_slice",".cube_backend","public","internal","R/cube_slice.R","R/backend-memory.R","static direct symbol call","R/cube_slice.R:66-171 contains call symbol .cube_backend"
"cube_slice",".abort_badarg","public","internal","R/cube_slice.R","R/utils-internal.R","static direct symbol call","R/cube_slice.R:66-171 contains call symbol .abort_badarg"
"cube_slice",".resolve_cube_slice","public","internal","R/cube_slice.R","R/cube_slice.R","static direct symbol call","R/cube_slice.R:66-171 contains call symbol .resolve_cube_slice"
"cube_slice",".plan_cube_index_read","public","internal","R/cube_slice.R","R/backend-index.R","static direct symbol call","R/cube_slice.R:66-171 contains call symbol .plan_cube_index_read"
"cube_slice",".cube_read","public","internal","R/cube_slice.R","R/backend-memory.R","static direct symbol call","R/cube_slice.R:66-171 contains call symbol .cube_read"
"cube_slice",".selection_auxiliary_components","public","internal","R/cube_slice.R","R/cube_slice.R","static direct symbol call","R/cube_slice.R:66-171 contains call symbol .selection_auxiliary_components"
"cube_slice",".selection_units","public","internal","R/cube_slice.R","R/cube_slice.R","static direct symbol call","R/cube_slice.R:66-171 contains call symbol .selection_units"
"cube_slice",".cube_axis_names","public","internal","R/cube_slice.R","R/backend-memory.R","static direct symbol call","R/cube_slice.R:66-171 contains call symbol .cube_axis_names"
"cube_slice",".netcdf_as_utc","public","internal","R/cube_slice.R","R/backend-netcdf.R","static direct symbol call","R/cube_slice.R:66-171 contains call symbol .netcdf_as_utc"
"cube_slice",".new_selected_memory_cube","public","internal","R/cube_slice.R","R/backend-memory.R","static direct symbol call","R/cube_slice.R:66-171 contains call symbol .new_selected_memory_cube"
".resolve_cube_slice",".cube_axis_names","internal","internal","R/cube_slice.R","R/backend-memory.R","static direct symbol call","R/cube_slice.R:173-253 contains call symbol .cube_axis_names"
".resolve_cube_slice",".validate_cube_index","internal","internal","R/cube_slice.R","R/backend-memory.R","static direct symbol call","R/cube_slice.R:173-253 contains call symbol .validate_cube_index"
".resolve_cube_slice",".cube_shape","internal","internal","R/cube_slice.R","R/utils-internal.R","static direct symbol call","R/cube_slice.R:173-253 contains call symbol .cube_shape"
".resolve_cube_slice",".abort_badarg","internal","internal","R/cube_slice.R","R/utils-internal.R","static direct symbol call","R/cube_slice.R:173-253 contains call symbol .abort_badarg"
".resolve_cube_slice",".validate_slice_tolerance","internal","internal","R/cube_slice.R","R/cube_slice.R","static direct symbol call","R/cube_slice.R:173-253 contains call symbol .validate_slice_tolerance"
".resolve_cube_slice",".resolve_selected_variables","internal","internal","R/cube_slice.R","R/cube_slice.R","static direct symbol call","R/cube_slice.R:173-253 contains call symbol .resolve_selected_variables"
".resolve_cube_slice",".resolve_time_values","internal","internal","R/cube_slice.R","R/cube_slice.R","static direct symbol call","R/cube_slice.R:173-253 contains call symbol .resolve_time_values"
".resolve_cube_slice",".resolve_axis_values","internal","internal","R/cube_slice.R","R/cube_slice.R","static direct symbol call","R/cube_slice.R:173-253 contains call symbol .resolve_axis_values"
".validate_slice_selector_vector",".abort_badarg","internal","internal","R/cube_slice.R","R/utils-internal.R","static direct symbol call","R/cube_slice.R:255-263 contains call symbol .abort_badarg"
".slice_outside_domain",".slice_format_values","internal","internal","R/cube_slice.R","R/cube_slice.R","static direct symbol call","R/cube_slice.R:269-280 contains call symbol .slice_format_values"
".slice_not_found",".slice_format_values","internal","internal","R/cube_slice.R","R/cube_slice.R","static direct symbol call","R/cube_slice.R:282-291 contains call symbol .slice_format_values"
".slice_beyond_tolerance",".slice_format_values","internal","internal","R/cube_slice.R","R/cube_slice.R","static direct symbol call","R/cube_slice.R:293-302 contains call symbol .slice_format_values"
".resolve_axis_values",".validate_slice_selector_vector","internal","internal","R/cube_slice.R","R/cube_slice.R","static direct symbol call","R/cube_slice.R:304-366 contains call symbol .validate_slice_selector_vector"
".resolve_axis_values",".abort_badarg","internal","internal","R/cube_slice.R","R/utils-internal.R","static direct symbol call","R/cube_slice.R:304-366 contains call symbol .abort_badarg"
".resolve_axis_values",".slice_not_found","internal","internal","R/cube_slice.R","R/cube_slice.R","static direct symbol call","R/cube_slice.R:304-366 contains call symbol .slice_not_found"
".resolve_axis_values",".slice_outside_domain","internal","internal","R/cube_slice.R","R/cube_slice.R","static direct symbol call","R/cube_slice.R:304-366 contains call symbol .slice_outside_domain"
".resolve_axis_values",".slice_beyond_tolerance","internal","internal","R/cube_slice.R","R/cube_slice.R","static direct symbol call","R/cube_slice.R:304-366 contains call symbol .slice_beyond_tolerance"
".resolve_time_values",".validate_slice_selector_vector","internal","internal","R/cube_slice.R","R/cube_slice.R","static direct symbol call","R/cube_slice.R:384-456 contains call symbol .validate_slice_selector_vector"
".resolve_time_values",".slice_time_numeric","internal","internal","R/cube_slice.R","R/cube_slice.R","static direct symbol call","R/cube_slice.R:384-456 contains call symbol .slice_time_numeric"
".resolve_time_values",".abort_badarg","internal","internal","R/cube_slice.R","R/utils-internal.R","static direct symbol call","R/cube_slice.R:384-456 contains call symbol .abort_badarg"
".resolve_time_values",".slice_not_found","internal","internal","R/cube_slice.R","R/cube_slice.R","static direct symbol call","R/cube_slice.R:384-456 contains call symbol .slice_not_found"
".resolve_time_values",".slice_outside_domain","internal","internal","R/cube_slice.R","R/cube_slice.R","static direct symbol call","R/cube_slice.R:384-456 contains call symbol .slice_outside_domain"
".resolve_time_values",".slice_beyond_tolerance","internal","internal","R/cube_slice.R","R/cube_slice.R","static direct symbol call","R/cube_slice.R:384-456 contains call symbol .slice_beyond_tolerance"
".resolve_selected_variables",".validate_slice_selector_vector","internal","internal","R/cube_slice.R","R/cube_slice.R","static direct symbol call","R/cube_slice.R:458-495 contains call symbol .validate_slice_selector_vector"
".resolve_selected_variables",".abort_badarg","internal","internal","R/cube_slice.R","R/utils-internal.R","static direct symbol call","R/cube_slice.R:458-495 contains call symbol .abort_badarg"
".validate_slice_tolerance",".abort_badarg","internal","internal","R/cube_slice.R","R/utils-internal.R","static direct symbol call","R/cube_slice.R:497-565 contains call symbol .abort_badarg"
".selection_contains_dimensional_data",".selection_contains_dimensional_data","internal","internal","R/cube_slice.R","R/cube_slice.R","static direct symbol call","R/cube_slice.R:575-579 contains call symbol .selection_contains_dimensional_data"
".selection_auxiliary_components",".selection_contains_dimensional_data","internal","internal","R/cube_slice.R","R/cube_slice.R","static direct symbol call","R/cube_slice.R:581-632 contains call symbol .selection_contains_dimensional_data"
"cube_transect",".check_cube","public","internal","R/cube_transect.R","R/utils-internal.R","static direct symbol call","R/cube_transect.R:83-178 contains call symbol .check_cube"
"cube_transect",".cube_backend","public","internal","R/cube_transect.R","R/backend-memory.R","static direct symbol call","R/cube_transect.R:83-178 contains call symbol .cube_backend"
"cube_transect",".validate_extract_flag","public","internal","R/cube_transect.R","R/cube_extract.R","static direct symbol call","R/cube_transect.R:83-178 contains call symbol .validate_extract_flag"
"cube_transect",".abort_badarg","public","internal","R/cube_transect.R","R/utils-internal.R","static direct symbol call","R/cube_transect.R:83-178 contains call symbol .abort_badarg"
"cube_transect",".plan_cube_transect","public","internal","R/cube_transect.R","R/cube_transect.R","static direct symbol call","R/cube_transect.R:83-178 contains call symbol .plan_cube_transect"
"cube_transect",".cube_read_spatial_pairs","public","internal","R/cube_transect.R","R/backend-index.R","static direct symbol call","R/cube_transect.R:83-178 contains call symbol .cube_read_spatial_pairs"
"cube_transect",".extract_table_units","public","internal","R/cube_transect.R","R/cube_extract.R","static direct symbol call","R/cube_transect.R:83-178 contains call symbol .extract_table_units"
"cube_transect",".cube_transect_long","public","internal","R/cube_transect.R","R/cube_transect.R","static direct symbol call","R/cube_transect.R:83-178 contains call symbol .cube_transect_long"
"cube_transect",".cube_transect_wide","public","internal","R/cube_transect.R","R/cube_transect.R","static direct symbol call","R/cube_transect.R:83-178 contains call symbol .cube_transect_wide"
".transect_scalar_column",".abort_badarg","internal","internal","R/cube_transect.R","R/utils-internal.R","static direct symbol call","R/cube_transect.R:180-186 contains call symbol .abort_badarg"
".transect_resolve_spatial",".resolve_axis_values","internal","internal","R/cube_transect.R","R/cube_slice.R","static direct symbol call","R/cube_transect.R:192-218 contains call symbol .resolve_axis_values"
".transect_resolve_spatial",".transect_point_label","internal","internal","R/cube_transect.R","R/cube_transect.R","static direct symbol call","R/cube_transect.R:192-218 contains call symbol .transect_point_label"
".plan_cube_transect",".abort_badarg","internal","internal","R/cube_transect.R","R/utils-internal.R","static direct symbol call","R/cube_transect.R:220-396 contains call symbol .abort_badarg"
".plan_cube_transect",".transect_scalar_column","internal","internal","R/cube_transect.R","R/cube_transect.R","static direct symbol call","R/cube_transect.R:220-396 contains call symbol .transect_scalar_column"
".plan_cube_transect",".validate_slice_tolerance","internal","internal","R/cube_transect.R","R/cube_slice.R","static direct symbol call","R/cube_transect.R:220-396 contains call symbol .validate_slice_tolerance"
".plan_cube_transect",".resolve_cube_slice","internal","internal","R/cube_transect.R","R/cube_slice.R","static direct symbol call","R/cube_transect.R:220-396 contains call symbol .resolve_cube_slice"
".plan_cube_transect",".transect_point_label","internal","internal","R/cube_transect.R","R/cube_transect.R","static direct symbol call","R/cube_transect.R:220-396 contains call symbol .transect_point_label"
".plan_cube_transect",".transect_resolve_spatial","internal","internal","R/cube_transect.R","R/cube_transect.R","static direct symbol call","R/cube_transect.R:220-396 contains call symbol .transect_resolve_spatial"
".plan_cube_transect",".transect_validate_antimeridian","internal","internal","R/cube_transect.R","R/cube_transect.R","static direct symbol call","R/cube_transect.R:220-396 contains call symbol .transect_validate_antimeridian"
".plan_cube_transect",".transect_cumulative_distance","internal","internal","R/cube_transect.R","R/cube_transect.R","static direct symbol call","R/cube_transect.R:220-396 contains call symbol .transect_cumulative_distance"
".plan_cube_transect",".transect_mode","internal","internal","R/cube_transect.R","R/cube_transect.R","static direct symbol call","R/cube_transect.R:220-396 contains call symbol .transect_mode"
".plan_cube_transect",".spatial_pair_map","internal","internal","R/cube_transect.R","R/backend-index.R","static direct symbol call","R/cube_transect.R:220-396 contains call symbol .spatial_pair_map"
"download_nc",".abort_badarg","public","internal","R/download_nc.R","R/utils-internal.R","static direct symbol call","R/download_nc.R:19-100 contains call symbol .abort_badarg"
"download_nc",".check_range","public","internal","R/download_nc.R","R/utils-internal.R","static direct symbol call","R/download_nc.R:19-100 contains call symbol .check_range"
"download_nc","%||%","public","internal","R/download_nc.R","R/utils-internal.R","static direct symbol call","R/download_nc.R:19-100 contains call symbol %||%"
"download_nc",".make_filename","public","internal","R/download_nc.R","R/utils-internal.R","static direct symbol call","R/download_nc.R:19-100 contains call symbol .make_filename"
"download_nc",".message_done","public","internal","R/download_nc.R","R/utils-internal.R","static direct symbol call","R/download_nc.R:19-100 contains call symbol .message_done"
"download_nc",".message_info","public","internal","R/download_nc.R","R/utils-internal.R","static direct symbol call","R/download_nc.R:19-100 contains call symbol .message_info"
"layer_mean",".check_cube","public","internal","R/layer_mean.R","R/utils-internal.R","static direct symbol call","R/layer_mean.R:9-61 contains call symbol .check_cube"
"layer_mean",".check_numeric_vector","public","internal","R/layer_mean.R","R/utils-internal.R","static direct symbol call","R/layer_mean.R:9-61 contains call symbol .check_numeric_vector"
"layer_mean",".abort_badarg","public","internal","R/layer_mean.R","R/utils-internal.R","static direct symbol call","R/layer_mean.R:9-61 contains call symbol .abort_badarg"
"layer_mean",".depth_edges","public","internal","R/layer_mean.R","R/utils-internal.R","static direct symbol call","R/layer_mean.R:9-61 contains call symbol .depth_edges"
"layer_mean",".cube_shape","public","internal","R/layer_mean.R","R/utils-internal.R","static direct symbol call","R/layer_mean.R:9-61 contains call symbol .cube_shape"
"layer_mean",".depth_weights","public","internal","R/layer_mean.R","R/utils-internal.R","static direct symbol call","R/layer_mean.R:9-61 contains call symbol .depth_weights"
"layer_mean",".cube_read","public","internal","R/layer_mean.R","R/backend-memory.R","static direct symbol call","R/layer_mean.R:9-61 contains call symbol .cube_read"
"layer_mean",".weighted_mean","public","internal","R/layer_mean.R","R/utils-internal.R","static direct symbol call","R/layer_mean.R:9-61 contains call symbol .weighted_mean"
"layer_mean","ocean_cube","public","public","R/layer_mean.R","R/ocean_cube.R","static direct symbol call","R/layer_mean.R:9-61 contains call symbol ocean_cube"
"layer_mean",".make_provenance","public","internal","R/layer_mean.R","R/utils-internal.R","static direct symbol call","R/layer_mean.R:9-61 contains call symbol .make_provenance"
"link_events",".check_cube","public","internal","R/link_events.R","R/utils-internal.R","static direct symbol call","R/link_events.R:25-106 contains call symbol .check_cube"
"link_events",".abort_badarg","public","internal","R/link_events.R","R/utils-internal.R","static direct symbol call","R/link_events.R:25-106 contains call symbol .abort_badarg"
"link_events","%||%","public","internal","R/link_events.R","R/utils-internal.R","static direct symbol call","R/link_events.R:25-106 contains call symbol %||%"
"link_events",".nearest_index","public","internal","R/link_events.R","R/link_events.R","static direct symbol call","R/link_events.R:25-106 contains call symbol .nearest_index"
"link_events",".nearest_date_index","public","internal","R/link_events.R","R/link_events.R","static direct symbol call","R/link_events.R:25-106 contains call symbol .nearest_date_index"
"link_events",".read_event_values","public","internal","R/link_events.R","R/link_events.R","static direct symbol call","R/link_events.R:25-106 contains call symbol .read_event_values"
".read_event_values",".cube_read","internal","internal","R/link_events.R","R/backend-memory.R","static direct symbol call","R/link_events.R:108-122 contains call symbol .cube_read"
"ocean_cube",".abort_badarg","public","internal","R/ocean_cube.R","R/utils-internal.R","static direct symbol call","R/ocean_cube.R:74-171 contains call symbol .abort_badarg"
"ocean_cube","%||%","public","internal","R/ocean_cube.R","R/utils-internal.R","static direct symbol call","R/ocean_cube.R:74-171 contains call symbol %||%"
"ocean_cube",".check_cube_coordinates","public","internal","R/ocean_cube.R","R/utils-internal.R","static direct symbol call","R/ocean_cube.R:74-171 contains call symbol .check_cube_coordinates"
"ocean_cube",".check_cube_dimensions","public","internal","R/ocean_cube.R","R/utils-internal.R","static direct symbol call","R/ocean_cube.R:74-171 contains call symbol .check_cube_dimensions"
"ocean_cube",".check_cube","public","internal","R/ocean_cube.R","R/utils-internal.R","static direct symbol call","R/ocean_cube.R:74-171 contains call symbol .check_cube"
"print.ocean_cube",".check_cube","internal","internal","R/ocean_cube.R","R/utils-internal.R","static direct symbol call","R/ocean_cube.R:174-190 contains call symbol .check_cube"
"print.ocean_cube",".cube_shape","internal","internal","R/ocean_cube.R","R/utils-internal.R","static direct symbol call","R/ocean_cube.R:174-190 contains call symbol .cube_shape"
"summary.ocean_cube",".check_cube","internal","internal","R/ocean_cube.R","R/utils-internal.R","static direct symbol call","R/ocean_cube.R:193-208 contains call symbol .check_cube"
"read_nc",".abort_badarg","public","internal","R/read_nc.R","R/utils-internal.R","static direct symbol call","R/read_nc.R:18-116 contains call symbol .abort_badarg"
"read_nc","%||%","public","internal","R/read_nc.R","R/utils-internal.R","static direct symbol call","R/read_nc.R:18-116 contains call symbol %||%"
"read_nc",".guess_dim","public","internal","R/read_nc.R","R/utils-internal.R","static direct symbol call","R/read_nc.R:18-116 contains call symbol .guess_dim"
"read_nc",".read_cf_time","public","internal","R/read_nc.R","R/utils-internal.R","static direct symbol call","R/read_nc.R:18-116 contains call symbol .read_cf_time"
"read_nc","ocean_cube","public","public","R/read_nc.R","R/ocean_cube.R","static direct symbol call","R/read_nc.R:18-116 contains call symbol ocean_cube"
"read_nc",".make_provenance","public","internal","R/read_nc.R","R/utils-internal.R","static direct symbol call","R/read_nc.R:18-116 contains call symbol .make_provenance"
"stock_mask",".check_cube","public","internal","R/stock_mask.R","R/utils-internal.R","static direct symbol call","R/stock_mask.R:12-57 contains call symbol .check_cube"
"stock_mask",".check_range","public","internal","R/stock_mask.R","R/utils-internal.R","static direct symbol call","R/stock_mask.R:12-57 contains call symbol .check_range"
"print.ocean_mask","%||%","internal","internal","R/stock_mask.R","R/utils-internal.R","static direct symbol call","R/stock_mask.R:60-66 contains call symbol %||%"
"crop_stock",".check_cube","public","internal","R/stock_mask.R","R/utils-internal.R","static direct symbol call","R/stock_mask.R:75-119 contains call symbol .check_cube"
"crop_stock",".cube_shape","public","internal","R/stock_mask.R","R/utils-internal.R","static direct symbol call","R/stock_mask.R:75-119 contains call symbol .cube_shape"
"crop_stock",".cube_read","public","internal","R/stock_mask.R","R/backend-memory.R","static direct symbol call","R/stock_mask.R:75-119 contains call symbol .cube_read"
"crop_stock","ocean_cube","public","public","R/stock_mask.R","R/ocean_cube.R","static direct symbol call","R/stock_mask.R:75-119 contains call symbol ocean_cube"
"crop_stock",".make_provenance","public","internal","R/stock_mask.R","R/utils-internal.R","static direct symbol call","R/stock_mask.R:75-119 contains call symbol .make_provenance"
"to_month",".check_cube","public","internal","R/to_month.R","R/utils-internal.R","static direct symbol call","R/to_month.R:8-42 contains call symbol .check_cube"
"to_month",".cube_shape","public","internal","R/to_month.R","R/utils-internal.R","static direct symbol call","R/to_month.R:8-42 contains call symbol .cube_shape"
"to_month",".cube_read","public","internal","R/to_month.R","R/backend-memory.R","static direct symbol call","R/to_month.R:8-42 contains call symbol .cube_read"
"to_month","ocean_cube","public","public","R/to_month.R","R/ocean_cube.R","static direct symbol call","R/to_month.R:8-42 contains call symbol ocean_cube"
"to_month",".make_provenance","public","internal","R/to_month.R","R/utils-internal.R","static direct symbol call","R/to_month.R:8-42 contains call symbol .make_provenance"
".check_numeric_vector",".abort_badarg","internal","internal","R/utils-internal.R","R/utils-internal.R","static direct symbol call","R/utils-internal.R:20-28 contains call symbol .abort_badarg"
".check_range",".check_numeric_vector","internal","internal","R/utils-internal.R","R/utils-internal.R","static direct symbol call","R/utils-internal.R:30-39 contains call symbol .check_numeric_vector"
".check_range",".abort_badarg","internal","internal","R/utils-internal.R","R/utils-internal.R","static direct symbol call","R/utils-internal.R:30-39 contains call symbol .abort_badarg"
".check_cube_coordinates",".check_numeric_vector","internal","internal","R/utils-internal.R","R/utils-internal.R","static direct symbol call","R/utils-internal.R:41-109 contains call symbol .check_numeric_vector"
".check_cube_coordinates",".abort_badarg","internal","internal","R/utils-internal.R","R/utils-internal.R","static direct symbol call","R/utils-internal.R:41-109 contains call symbol .abort_badarg"
".check_cube_dimensions",".abort_badarg","internal","internal","R/utils-internal.R","R/utils-internal.R","static direct symbol call","R/utils-internal.R:111-149 contains call symbol .abort_badarg"
".cube_shape",".check_cube_coordinates","internal","internal","R/utils-internal.R","R/utils-internal.R","static direct symbol call","R/utils-internal.R:151-197 contains call symbol .check_cube_coordinates"
".cube_shape",".cube_axis_names","internal","internal","R/utils-internal.R","R/backend-memory.R","static direct symbol call","R/utils-internal.R:151-197 contains call symbol .cube_axis_names"
".cube_shape",".validate_netcdf_storage","internal","internal","R/utils-internal.R","R/backend-netcdf.R","static direct symbol call","R/utils-internal.R:151-197 contains call symbol .validate_netcdf_storage"
".check_cube",".check_cube_coordinates","internal","internal","R/utils-internal.R","R/utils-internal.R","static direct symbol call","R/utils-internal.R:199-313 contains call symbol .check_cube_coordinates"
".check_cube",".cube_backend","internal","internal","R/utils-internal.R","R/backend-memory.R","static direct symbol call","R/utils-internal.R:199-313 contains call symbol .cube_backend"
".check_cube",".validate_memory_backend","internal","internal","R/utils-internal.R","R/backend-memory.R","static direct symbol call","R/utils-internal.R:199-313 contains call symbol .validate_memory_backend"
".check_cube",".validate_netcdf_storage","internal","internal","R/utils-internal.R","R/backend-netcdf.R","static direct symbol call","R/utils-internal.R:199-313 contains call symbol .validate_netcdf_storage"
".check_cube",".cube_axis_names","internal","internal","R/utils-internal.R","R/backend-memory.R","static direct symbol call","R/utils-internal.R:199-313 contains call symbol .cube_axis_names"
".check_cube",".abort_badarg","internal","internal","R/utils-internal.R","R/utils-internal.R","static direct symbol call","R/utils-internal.R:199-313 contains call symbol .abort_badarg"
".depth_edges",".check_numeric_vector","internal","internal","R/utils-internal.R","R/utils-internal.R","static direct symbol call","R/utils-internal.R:333-342 contains call symbol .check_numeric_vector"
".depth_edges",".abort_badarg","internal","internal","R/utils-internal.R","R/utils-internal.R","static direct symbol call","R/utils-internal.R:333-342 contains call symbol .abort_badarg"
