"function_name","current_file","current_module","proposed_module","proposed_file","move_required","rename_required","notes"
"annual_index","R/annual_index.R","aggregation","aggregation","cube-aggregate.R",TRUE,FALSE,"Proposal only; no file was moved."
"cube_roll","","not-implemented","aggregation","cube-aggregate.R",FALSE,FALSE,"Proposed roadmap function not yet defined in R/*.R; target module/file requires implementation approval."
"to_day","","not-implemented","aggregation","cube-aggregate.R",FALSE,FALSE,"Proposed roadmap function not yet defined in R/*.R; target module/file requires implementation approval."
"to_month","R/to_month.R","aggregation","aggregation","cube-aggregate.R",TRUE,FALSE,"Proposal only; no file was moved."
"to_season","","not-implemented","aggregation","cube-aggregate.R",FALSE,FALSE,"Proposed roadmap function not yet defined in R/*.R; target module/file requires implementation approval."
"to_week","","not-implemented","aggregation","cube-aggregate.R",FALSE,FALSE,"Proposed roadmap function not yet defined in R/*.R; target module/file requires implementation approval."
"to_year","","not-implemented","aggregation","cube-aggregate.R",FALSE,TRUE,"Proposed roadmap function not yet defined in R/*.R; target module/file requires implementation approval."
"viz.animate","","not-implemented","animation","viz-animation.R",FALSE,FALSE,"Proposed roadmap function not yet defined in R/*.R; target module/file requires implementation approval."
"viz.animate_hovmoller","","not-implemented","animation","viz-animation.R",FALSE,FALSE,"Proposed roadmap function not yet defined in R/*.R; target module/file requires implementation approval."
"viz.animate_map","","not-implemented","animation","viz-animation.R",FALSE,FALSE,"Proposed roadmap function not yet defined in R/*.R; target module/file requires implementation approval."
"viz.animate_profile","","not-implemented","animation","viz-animation.R",FALSE,FALSE,"Proposed roadmap function not yet defined in R/*.R; target module/file requires implementation approval."
"viz.animate_section","","not-implemented","animation","viz-animation.R",FALSE,FALSE,"Proposed roadmap function not yet defined in R/*.R; target module/file requires implementation approval."
"viz.save_gif","","not-implemented","animation","viz-animation.R",FALSE,FALSE,"Proposed roadmap function not yet defined in R/*.R; target module/file requires implementation approval."
"anom_class","","not-implemented","anomaly","cube-anomaly.R",FALSE,FALSE,"Proposed roadmap function not yet defined in R/*.R; target module/file requires implementation approval."
"anom_cumsum","","not-implemented","anomaly","cube-anomaly.R",FALSE,FALSE,"Proposed roadmap function not yet defined in R/*.R; target module/file requires implementation approval."
"anom_diff","R/anom_diff.R","anomaly","anomaly","cube-anomaly.R",TRUE,FALSE,"Proposal only; no file was moved."
"anom_percent","","not-implemented","anomaly","cube-anomaly.R",FALSE,FALSE,"Proposed roadmap function not yet defined in R/*.R; target module/file requires implementation approval."
"anom_percentile","","not-implemented","anomaly","cube-anomaly.R",FALSE,FALSE,"Proposed roadmap function not yet defined in R/*.R; target module/file requires implementation approval."
"anom_ratio","","not-implemented","anomaly","cube-anomaly.R",FALSE,FALSE,"Proposed roadmap function not yet defined in R/*.R; target module/file requires implementation approval."
"anom_robust","","not-implemented","anomaly","cube-anomaly.R",FALSE,FALSE,"Proposed roadmap function not yet defined in R/*.R; target module/file requires implementation approval."
"anom_z","R/anom_diff.R","anomaly","anomaly","cube-anomaly.R",TRUE,FALSE,"Proposal only; no file was moved."
"signal_noise","R/anom_diff.R","anomaly","anomaly","cube-anomaly.R",TRUE,FALSE,"Proposal only; no file was moved."
"cube_detrend","","not-implemented","change","cube-change.R",FALSE,FALSE,"Proposed roadmap function not yet defined in R/*.R; target module/file requires implementation approval."
"cube_diff","","not-implemented","change","cube-change.R",FALSE,FALSE,"Proposed roadmap function not yet defined in R/*.R; target module/file requires implementation approval."
"cube_gradient","","not-implemented","change","cube-change.R",FALSE,FALSE,"Proposed roadmap function not yet defined in R/*.R; target module/file requires implementation approval."
"cube_rate","","not-implemented","change","cube-change.R",FALSE,FALSE,"Proposed roadmap function not yet defined in R/*.R; target module/file requires implementation approval."
"cube_rolling_slope","","not-implemented","change","cube-change.R",FALSE,FALSE,"Proposed roadmap function not yet defined in R/*.R; target module/file requires implementation approval."
"cube_slope","","not-implemented","change","cube-change.R",FALSE,FALSE,"Proposed roadmap function not yet defined in R/*.R; target module/file requires implementation approval."
"cube_vertical_gradient","","not-implemented","change","cube-change.R",FALSE,FALSE,"Proposed roadmap function not yet defined in R/*.R; target module/file requires implementation approval."
"clim_custom","","not-implemented","climatology","cube-climatology.R",FALSE,FALSE,"Proposed roadmap function not yet defined in R/*.R; target module/file requires implementation approval."
"clim_day","R/clim_day.R","climatology","climatology","cube-climatology.R",TRUE,FALSE,"Proposal only; no file was moved."
"clim_month","R/clim_month.R","climatology","climatology","cube-climatology.R",TRUE,FALSE,"Proposal only; no file was moved."
"clim_season","","not-implemented","climatology","cube-climatology.R",FALSE,FALSE,"Proposed roadmap function not yet defined in R/*.R; target module/file requires implementation approval."
"clim_week","","not-implemented","climatology","cube-climatology.R",FALSE,FALSE,"Proposed roadmap function not yet defined in R/*.R; target module/file requires implementation approval."
"clim_year","","not-implemented","climatology","cube-climatology.R",FALSE,FALSE,"Proposed roadmap function not yet defined in R/*.R; target module/file requires implementation approval."
"cube_collect","R/cube_collect.R","extraction","core-object","cube-class.R",TRUE,FALSE,"Proposal only; no file was moved."
"ocean_cube","R/ocean_cube.R","core-object","core-object","cube-class.R",TRUE,FALSE,"Proposal only; no file was moved."
"print.ocean_clim","R/clim_day.R","climatology","core-object","cube-class.R",TRUE,FALSE,"Proposal only; no file was moved."
"print.ocean_cube","R/ocean_cube.R","core-object","core-object","cube-class.R",TRUE,FALSE,"Proposal only; no file was moved."
"print.ocean_mask","R/stock_mask.R","geometry/masks","core-object","cube-class.R",TRUE,FALSE,"Proposal only; no file was moved."
"summary.ocean_cube","R/ocean_cube.R","core-object","core-object","cube-class.R",TRUE,FALSE,"Proposal only; no file was moved."
"write_metadata","","not-implemented","export","export.R",FALSE,FALSE,"Proposed roadmap function not yet defined in R/*.R; target module/file requires implementation approval."
"write_nc","","not-implemented","export","export.R",FALSE,FALSE,"Proposed roadmap function not yet defined in R/*.R; target module/file requires implementation approval."
"write_rds","","not-implemented","export","export.R",FALSE,FALSE,"Proposed roadmap function not yet defined in R/*.R; target module/file requires implementation approval."
"write_stac","","not-implemented","export","export.R",FALSE,FALSE,"Proposed roadmap function not yet defined in R/*.R; target module/file requires implementation approval."
"write_table","","not-implemented","export","export.R",FALSE,FALSE,"Proposed roadmap function not yet defined in R/*.R; target module/file requires implementation approval."
"write_zarr","","not-implemented","export","export.R",FALSE,FALSE,"Proposed roadmap function not yet defined in R/*.R; target module/file requires implementation approval."
"cube_extract","R/cube_extract.R","extraction","extraction","cube-extract.R",TRUE,FALSE,"Proposal only; no file was moved."
"cube_transect","R/cube_transect.R","extraction","extraction","cube-extract.R",TRUE,FALSE,"Proposal only; no file was moved."
"coast_dist","R/coast_dist.R","geometry/masks","geometry","cube-geometry.R",TRUE,FALSE,"Proposal only; no file was moved."
"crop_stock","R/stock_mask.R","geometry/masks","geometry","cube-geometry.R",TRUE,FALSE,"Proposal only; no file was moved."
"cube_cell_area","R/cube_grid_geometry.R","geometry/masks","geometry","cube-geometry.R",TRUE,FALSE,"Proposal only; no file was moved."
"cube_cell_volume","R/cube_grid_geometry.R","geometry/masks","geometry","cube-geometry.R",TRUE,FALSE,"Proposal only; no file was moved."
"cube_layer_thickness","R/cube_grid_geometry.R","geometry/masks","geometry","cube-geometry.R",TRUE,FALSE,"Proposal only; no file was moved."
"cube_polygon_weights","R/cube_polygon_weights.R","geometry/masks","geometry","cube-geometry.R",TRUE,FALSE,"Proposal only; no file was moved."
"stock_mask","R/stock_mask.R","geometry/masks","geometry","cube-geometry.R",TRUE,FALSE,"Proposal only; no file was moved."
"cm_connect","R/cm_setup.R","ingestion-copernicus","ingestion-copernicus","io-copernicus.R",TRUE,FALSE,"Proposal only; no file was moved."
"cm_setup","R/cm_setup.R","ingestion-copernicus","ingestion-copernicus","io-copernicus.R",TRUE,FALSE,"Proposal only; no file was moved."
"download_copernicus","","not-implemented","ingestion-copernicus","io-copernicus.R",FALSE,TRUE,"Proposed roadmap function not yet defined in R/*.R; target module/file requires implementation approval."
"download_nc","R/download_nc.R","ingestion-copernicus","ingestion-copernicus","io-copernicus.R",TRUE,TRUE,"Proposal only; no file was moved."
"download_erddap","","not-implemented","ingestion-erddap","io-erddap.R",FALSE,FALSE,"Proposed roadmap function not yet defined in R/*.R; target module/file requires implementation approval."
"cube_ingest","","not-implemented","ingestion-netcdf","io-netcdf.R",FALSE,FALSE,"Proposed roadmap function not yet defined in R/*.R; target module/file requires implementation approval."
"read_nc","R/read_nc.R","backend/netcdf","ingestion-netcdf","io-netcdf.R",TRUE,FALSE,"Proposal only; no file was moved."
"read_opendap","","not-implemented","ingestion-netcdf","io-netcdf.R",FALSE,FALSE,"Proposed roadmap function not yet defined in R/*.R; target module/file requires implementation approval."
"read_thredds","","not-implemented","ingestion-netcdf","io-netcdf.R",FALSE,FALSE,"Proposed roadmap function not yet defined in R/*.R; target module/file requires implementation approval."
"read_zarr","","not-implemented","ingestion-netcdf","io-netcdf.R",FALSE,FALSE,"Proposed roadmap function not yet defined in R/*.R; target module/file requires implementation approval."
"download_url","","not-implemented","ingestion-url","io-url.R",FALSE,FALSE,"Proposed roadmap function not yet defined in R/*.R; target module/file requires implementation approval."
"read_stac","","not-implemented","ingestion-url","io-url.R",FALSE,FALSE,"Proposed roadmap function not yet defined in R/*.R; target module/file requires implementation approval."
"source_info","","not-implemented","ingestion-url","io-url.R",FALSE,FALSE,"Proposed roadmap function not yet defined in R/*.R; target module/file requires implementation approval."
"source_search","","not-implemented","ingestion-url","io-url.R",FALSE,FALSE,"Proposed roadmap function not yet defined in R/*.R; target module/file requires implementation approval."
"source_variables","","not-implemented","ingestion-url","io-url.R",FALSE,FALSE,"Proposed roadmap function not yet defined in R/*.R; target module/file requires implementation approval."
"%||%","R/utils-internal.R","internal-utils","internal-utils","utils-internal.R",FALSE,FALSE,"Internal placement is a proposal; inspect cohesion before moving."
".abort_badarg","R/utils-internal.R","internal-utils","internal-utils","utils-internal.R",FALSE,FALSE,"Internal placement is a proposal; inspect cohesion before moving."
".add_polygon_coverage_columns","R/cube_polygon_weights.R","geometry/masks","internal-utils","utils-internal.R",TRUE,FALSE,"Internal placement is a proposal; inspect cohesion before moving."
".anom_from_clim","R/anom_diff.R","anomaly","internal-utils","utils-internal.R",TRUE,FALSE,"Internal placement is a proposal; inspect cohesion before moving."
".append_extract_distances","R/cube_extract.R","extraction","internal-utils","utils-internal.R",TRUE,FALSE,"Internal placement is a proposal; inspect cohesion before moving."
".append_extract_indices","R/cube_extract.R","extraction","internal-utils","utils-internal.R",TRUE,FALSE,"Internal placement is a proposal; inspect cohesion before moving."
".apply_cube_mask_5d","R/cube_mask.R","geometry/masks","internal-utils","utils-internal.R",TRUE,FALSE,"Internal placement is a proposal; inspect cohesion before moving."
".axis_bounds_metadata","R/cube_grid_geometry.R","geometry/masks","internal-utils","utils-internal.R",TRUE,FALSE,"Internal placement is a proposal; inspect cohesion before moving."
".bounds_to_pairs","R/cube_grid_geometry.R","geometry/masks","internal-utils","utils-internal.R",TRUE,FALSE,"Internal placement is a proposal; inspect cohesion before moving."
".canonical_cube_dimnames","R/cube_mask.R","geometry/masks","internal-utils","utils-internal.R",TRUE,FALSE,"Internal placement is a proposal; inspect cohesion before moving."
".check_cube","R/utils-internal.R","internal-utils","internal-utils","utils-internal.R",FALSE,FALSE,"Internal placement is a proposal; inspect cohesion before moving."
".check_cube_coordinates","R/utils-internal.R","internal-utils","internal-utils","utils-internal.R",FALSE,FALSE,"Internal placement is a proposal; inspect cohesion before moving."
".check_cube_dimensions","R/utils-internal.R","internal-utils","internal-utils","utils-internal.R",FALSE,FALSE,"Internal placement is a proposal; inspect cohesion before moving."
".check_numeric_vector","R/utils-internal.R","internal-utils","internal-utils","utils-internal.R",FALSE,FALSE,"Internal placement is a proposal; inspect cohesion before moving."
".check_range","R/utils-internal.R","internal-utils","internal-utils","utils-internal.R",FALSE,FALSE,"Internal placement is a proposal; inspect cohesion before moving."
".classify_cell_centers","R/cube_mask.R","geometry/masks","internal-utils","utils-internal.R",TRUE,FALSE,"Internal placement is a proposal; inspect cohesion before moving."
".clim_index","R/anom_diff.R","anomaly","internal-utils","utils-internal.R",TRUE,FALSE,"Internal placement is a proposal; inspect cohesion before moving."
".combine_cube_masks","R/cube_mask.R","geometry/masks","internal-utils","utils-internal.R",TRUE,FALSE,"Internal placement is a proposal; inspect cohesion before moving."
".crop_posix_timezone","R/cube_crop.R","selection","internal-utils","utils-internal.R",TRUE,FALSE,"Internal placement is a proposal; inspect cohesion before moving."
".crop_range_no_coordinates","R/cube_crop.R","selection","internal-utils","utils-internal.R",TRUE,FALSE,"Internal placement is a proposal; inspect cohesion before moving."
".crop_range_no_overlap","R/cube_crop.R","selection","internal-utils","utils-internal.R",TRUE,FALSE,"Internal placement is a proposal; inspect cohesion before moving."
".crop_range_outside","R/cube_crop.R","selection","internal-utils","utils-internal.R",TRUE,FALSE,"Internal placement is a proposal; inspect cohesion before moving."
".crop_time_class","R/cube_crop.R","selection","internal-utils","utils-internal.R",TRUE,FALSE,"Internal placement is a proposal; inspect cohesion before moving."
".cube_axis_bounds","R/cube_grid_geometry.R","geometry/masks","internal-utils","utils-internal.R",TRUE,FALSE,"Internal placement is a proposal; inspect cohesion before moving."
".cube_axis_names","R/backend-memory.R","backend/netcdf","internal-utils","utils-internal.R",TRUE,FALSE,"Internal placement is a proposal; inspect cohesion before moving."
".cube_backend","R/backend-memory.R","backend/netcdf","internal-utils","utils-internal.R",TRUE,FALSE,"Internal placement is a proposal; inspect cohesion before moving."
".cube_cell_centers","R/cube_mask.R","geometry/masks","internal-utils","utils-internal.R",TRUE,FALSE,"Internal placement is a proposal; inspect cohesion before moving."
".cube_estimated_bytes","R/cube_collect.R","extraction","internal-utils","utils-internal.R",TRUE,FALSE,"Internal placement is a proposal; inspect cohesion before moving."
".cube_extract_long","R/cube_extract.R","extraction","internal-utils","utils-internal.R",TRUE,FALSE,"Internal placement is a proposal; inspect cohesion before moving."
".cube_extract_wide","R/cube_extract.R","extraction","internal-utils","utils-internal.R",TRUE,FALSE,"Internal placement is a proposal; inspect cohesion before moving."
".cube_horizontal_geometry","R/cube_grid_geometry.R","geometry/masks","internal-utils","utils-internal.R",TRUE,FALSE,"Internal placement is a proposal; inspect cohesion before moving."
".cube_product_as_double","R/backend-index.R","backend/netcdf","internal-utils","utils-internal.R",TRUE,FALSE,"Internal placement is a proposal; inspect cohesion before moving."
".cube_read","R/backend-memory.R","backend/netcdf","internal-utils","utils-internal.R",TRUE,FALSE,"Internal placement is a proposal; inspect cohesion before moving."
".cube_read_block","R/backend-memory.R","backend/netcdf","internal-utils","utils-internal.R",TRUE,FALSE,"Internal placement is a proposal; inspect cohesion before moving."
".cube_read_block_netcdf","R/backend-netcdf.R","backend/netcdf","internal-utils","utils-internal.R",TRUE,FALSE,"Internal placement is a proposal; inspect cohesion before moving."
".cube_read_netcdf","R/backend-netcdf.R","backend/netcdf","internal-utils","utils-internal.R",TRUE,FALSE,"Internal placement is a proposal; inspect cohesion before moving."
".cube_read_spatial_pairs","R/backend-index.R","backend/netcdf","internal-utils","utils-internal.R",TRUE,FALSE,"Internal placement is a proposal; inspect cohesion before moving."
".cube_read_spatial_pairs_memory","R/backend-memory.R","backend/netcdf","internal-utils","utils-internal.R",TRUE,FALSE,"Internal placement is a proposal; inspect cohesion before moving."
".cube_read_spatial_pairs_netcdf","R/backend-netcdf.R","backend/netcdf","internal-utils","utils-internal.R",TRUE,FALSE,"Internal placement is a proposal; inspect cohesion before moving."
".cube_shape","R/utils-internal.R","internal-utils","internal-utils","utils-internal.R",FALSE,FALSE,"Internal placement is a proposal; inspect cohesion before moving."
".cube_storage_shape","R/backend-memory.R","backend/netcdf","internal-utils","utils-internal.R",TRUE,FALSE,"Internal placement is a proposal; inspect cohesion before moving."
".cube_transect_long","R/cube_transect.R","extraction","internal-utils","utils-internal.R",TRUE,FALSE,"Internal placement is a proposal; inspect cohesion before moving."
".cube_transect_wide","R/cube_transect.R","extraction","internal-utils","utils-internal.R",TRUE,FALSE,"Internal placement is a proposal; inspect cohesion before moving."
".cube_vertical_geometry","R/cube_grid_geometry.R","geometry/masks","internal-utils","utils-internal.R",TRUE,FALSE,"Internal placement is a proposal; inspect cohesion before moving."
".cube_write_block","R/backend-memory.R","backend/netcdf","internal-utils","utils-internal.R",TRUE,FALSE,"Internal placement is a proposal; inspect cohesion before moving."
".daily_keys","R/clim_day.R","climatology","internal-utils","utils-internal.R",TRUE,FALSE,"Internal placement is a proposal; inspect cohesion before moving."
".date_key","R/clim_day.R","climatology","internal-utils","utils-internal.R",TRUE,FALSE,"Internal placement is a proposal; inspect cohesion before moving."
".decode_netcdf_block","R/backend-netcdf.R","backend/netcdf","internal-utils","utils-internal.R",TRUE,FALSE,"Internal placement is a proposal; inspect cohesion before moving."
".decode_netcdf_time","R/backend-netcdf.R","backend/netcdf","internal-utils","utils-internal.R",TRUE,FALSE,"Internal placement is a proposal; inspect cohesion before moving."
".depth_conversion_factor","R/cube_grid_geometry.R","geometry/masks","internal-utils","utils-internal.R",TRUE,FALSE,"Internal placement is a proposal; inspect cohesion before moving."
".depth_edges","R/utils-internal.R","internal-utils","internal-utils","utils-internal.R",FALSE,FALSE,"Internal placement is a proposal; inspect cohesion before moving."
".depth_weights","R/utils-internal.R","internal-utils","internal-utils","utils-internal.R",FALSE,FALSE,"Internal placement is a proposal; inspect cohesion before moving."
".estimate_cube_extract","R/cube_extract.R","extraction","internal-utils","utils-internal.R",TRUE,FALSE,"Internal placement is a proposal; inspect cohesion before moving."
".expand_polygon_weights_depth","R/cube_polygon_weights.R","geometry/masks","internal-utils","utils-internal.R",TRUE,FALSE,"Internal placement is a proposal; inspect cohesion before moving."
".extract_cube_coordinates","R/cube_extract.R","extraction","internal-utils","utils-internal.R",TRUE,FALSE,"Internal placement is a proposal; inspect cohesion before moving."
".extract_local_indices","R/cube_extract.R","extraction","internal-utils","utils-internal.R",TRUE,FALSE,"Internal placement is a proposal; inspect cohesion before moving."
".extract_selected_coordinates","R/cube_extract.R","extraction","internal-utils","utils-internal.R",TRUE,FALSE,"Internal placement is a proposal; inspect cohesion before moving."
".extract_table_units","R/cube_extract.R","extraction","internal-utils","utils-internal.R",TRUE,FALSE,"Internal placement is a proposal; inspect cohesion before moving."
".guess_dim","R/utils-internal.R","internal-utils","internal-utils","utils-internal.R",FALSE,FALSE,"Internal placement is a proposal; inspect cohesion before moving."
".make_filename","R/utils-internal.R","internal-utils","internal-utils","utils-internal.R",FALSE,FALSE,"Internal placement is a proposal; inspect cohesion before moving."
".make_provenance","R/utils-internal.R","internal-utils","internal-utils","utils-internal.R",FALSE,FALSE,"Internal placement is a proposal; inspect cohesion before moving."
".mask_coverage","R/cube_mask.R","geometry/masks","internal-utils","utils-internal.R",TRUE,FALSE,"Internal placement is a proposal; inspect cohesion before moving."
".message_done","R/utils-internal.R","internal-utils","internal-utils","utils-internal.R",FALSE,FALSE,"Internal placement is a proposal; inspect cohesion before moving."
".message_info","R/utils-internal.R","internal-utils","internal-utils","utils-internal.R",FALSE,FALSE,"Internal placement is a proposal; inspect cohesion before moving."
".ncvar_get_block","R/backend-netcdf.R","backend/netcdf","internal-utils","utils-internal.R",TRUE,FALSE,"Internal placement is a proposal; inspect cohesion before moving."
".nearest_date_index","R/link_events.R","matching","internal-utils","utils-internal.R",TRUE,FALSE,"Internal placement is a proposal; inspect cohesion before moving."
".nearest_index","R/link_events.R","matching","internal-utils","utils-internal.R",TRUE,FALSE,"Internal placement is a proposal; inspect cohesion before moving."
".netcdf_abort","R/backend-netcdf.R","backend/netcdf","internal-utils","utils-internal.R",TRUE,FALSE,"Internal placement is a proposal; inspect cohesion before moving."
".netcdf_as_utc","R/backend-netcdf.R","backend/netcdf","internal-utils","utils-internal.R",TRUE,FALSE,"Internal placement is a proposal; inspect cohesion before moving."
".netcdf_attribute","R/backend-netcdf.R","backend/netcdf","internal-utils","utils-internal.R",TRUE,FALSE,"Internal placement is a proposal; inspect cohesion before moving."
".netcdf_block_dimnames","R/backend-netcdf.R","backend/netcdf","internal-utils","utils-internal.R",TRUE,FALSE,"Internal placement is a proposal; inspect cohesion before moving."
".netcdf_canonical_dimension","R/backend-netcdf.R","backend/netcdf","internal-utils","utils-internal.R",TRUE,FALSE,"Internal placement is a proposal; inspect cohesion before moving."
".netcdf_contains_forbidden_object","R/backend-netcdf.R","backend/netcdf","internal-utils","utils-internal.R",TRUE,FALSE,"Internal placement is a proposal; inspect cohesion before moving."
".netcdf_dimension_evidence","R/backend-netcdf.R","backend/netcdf","internal-utils","utils-internal.R",TRUE,FALSE,"Internal placement is a proposal; inspect cohesion before moving."
".netcdf_dimension_metadata","R/backend-netcdf.R","backend/netcdf","internal-utils","utils-internal.R",TRUE,FALSE,"Internal placement is a proposal; inspect cohesion before moving."
".netcdf_file_identity","R/backend-netcdf.R","backend/netcdf","internal-utils","utils-internal.R",TRUE,FALSE,"Internal placement is a proposal; inspect cohesion before moving."
".netcdf_optional_number","R/backend-netcdf.R","backend/netcdf","internal-utils","utils-internal.R",TRUE,FALSE,"Internal placement is a proposal; inspect cohesion before moving."
".netcdf_optional_string","R/backend-netcdf.R","backend/netcdf","internal-utils","utils-internal.R",TRUE,FALSE,"Internal placement is a proposal; inspect cohesion before moving."
".netcdf_scalar_string","R/backend-netcdf.R","backend/netcdf","internal-utils","utils-internal.R",TRUE,FALSE,"Internal placement is a proposal; inspect cohesion before moving."
".netcdf_variable_map","R/backend-netcdf.R","backend/netcdf","internal-utils","utils-internal.R",TRUE,FALSE,"Internal placement is a proposal; inspect cohesion before moving."
".new_collected_memory_cube","R/backend-memory.R","backend/netcdf","internal-utils","utils-internal.R",TRUE,FALSE,"Internal placement is a proposal; inspect cohesion before moving."
".new_netcdf_cube","R/backend-netcdf.R","backend/netcdf","internal-utils","utils-internal.R",TRUE,FALSE,"Internal placement is a proposal; inspect cohesion before moving."
".new_netcdf_storage","R/backend-netcdf.R","backend/netcdf","internal-utils","utils-internal.R",TRUE,FALSE,"Internal placement is a proposal; inspect cohesion before moving."
".new_polygon_ocean_mask","R/cube_mask.R","geometry/masks","internal-utils","utils-internal.R",TRUE,FALSE,"Internal placement is a proposal; inspect cohesion before moving."
".new_selected_memory_cube","R/backend-memory.R","backend/netcdf","internal-utils","utils-internal.R",TRUE,FALSE,"Internal placement is a proposal; inspect cohesion before moving."
".normalize_depth_unit","R/cube_grid_geometry.R","geometry/masks","internal-utils","utils-internal.R",TRUE,FALSE,"Internal placement is a proposal; inspect cohesion before moving."
".normalize_polygon_geometry","R/cube_mask.R","geometry/masks","internal-utils","utils-internal.R",TRUE,FALSE,"Internal placement is a proposal; inspect cohesion before moving."
".plan_cube_index_read","R/backend-index.R","backend/netcdf","internal-utils","utils-internal.R",TRUE,FALSE,"Internal placement is a proposal; inspect cohesion before moving."
".plan_cube_transect","R/cube_transect.R","extraction","internal-utils","utils-internal.R",TRUE,FALSE,"Internal placement is a proposal; inspect cohesion before moving."
".plan_masked_cube_read","R/cube_mask.R","geometry/masks","internal-utils","utils-internal.R",TRUE,FALSE,"Internal placement is a proposal; inspect cohesion before moving."
".polygon_cell_intersections","R/cube_polygon_weights.R","geometry/masks","internal-utils","utils-internal.R",TRUE,FALSE,"Internal placement is a proposal; inspect cohesion before moving."
".polygon_crosses_antimeridian","R/cube_mask.R","geometry/masks","internal-utils","utils-internal.R",TRUE,FALSE,"Internal placement is a proposal; inspect cohesion before moving."
".polygon_feature_coverage","R/cube_polygon_weights.R","geometry/masks","internal-utils","utils-internal.R",TRUE,FALSE,"Internal placement is a proposal; inspect cohesion before moving."
".polygon_feature_ids","R/cube_polygon_weights.R","geometry/masks","internal-utils","utils-internal.R",TRUE,FALSE,"Internal placement is a proposal; inspect cohesion before moving."
".polygon_weight_table","R/cube_polygon_weights.R","geometry/masks","internal-utils","utils-internal.R",TRUE,FALSE,"Internal placement is a proposal; inspect cohesion before moving."
".read_cf_time","R/utils-internal.R","internal-utils","internal-utils","utils-internal.R",FALSE,FALSE,"Internal placement is a proposal; inspect cohesion before moving."
".read_event_values","R/link_events.R","matching","internal-utils","utils-internal.R",TRUE,FALSE,"Internal placement is a proposal; inspect cohesion before moving."
".read_masked_cube_values","R/cube_mask.R","geometry/masks","internal-utils","utils-internal.R",TRUE,FALSE,"Internal placement is a proposal; inspect cohesion before moving."
".read_netcdf_coordinate","R/backend-netcdf.R","backend/netcdf","internal-utils","utils-internal.R",TRUE,FALSE,"Internal placement is a proposal; inspect cohesion before moving."
".read_netcdf_index_plan","R/backend-netcdf.R","backend/netcdf","internal-utils","utils-internal.R",TRUE,FALSE,"Internal placement is a proposal; inspect cohesion before moving."
".read_netcdf_variable_block","R/backend-netcdf.R","backend/netcdf","internal-utils","utils-internal.R",TRUE,FALSE,"Internal placement is a proposal; inspect cohesion before moving."
".require_memory_backend","R/backend-memory.R","backend/netcdf","internal-utils","utils-internal.R",TRUE,FALSE,"Internal placement is a proposal; inspect cohesion before moving."
".resolve_axis_values","R/cube_slice.R","selection","internal-utils","utils-internal.R",TRUE,FALSE,"Internal placement is a proposal; inspect cohesion before moving."
".resolve_crop_bbox","R/cube_crop.R","selection","internal-utils","utils-internal.R",TRUE,FALSE,"Internal placement is a proposal; inspect cohesion before moving."
".resolve_cube_crop","R/cube_crop.R","selection","internal-utils","utils-internal.R",TRUE,FALSE,"Internal placement is a proposal; inspect cohesion before moving."
".resolve_cube_slice","R/cube_slice.R","selection","internal-utils","utils-internal.R",TRUE,FALSE,"Internal placement is a proposal; inspect cohesion before moving."
".resolve_netcdf_dimension","R/backend-netcdf.R","backend/netcdf","internal-utils","utils-internal.R",TRUE,FALSE,"Internal placement is a proposal; inspect cohesion before moving."
".resolve_numeric_crop_range","R/cube_crop.R","selection","internal-utils","utils-internal.R",TRUE,FALSE,"Internal placement is a proposal; inspect cohesion before moving."
".resolve_selected_variables","R/cube_slice.R","selection","internal-utils","utils-internal.R",TRUE,FALSE,"Internal placement is a proposal; inspect cohesion before moving."
".resolve_time_crop_range","R/cube_crop.R","selection","internal-utils","utils-internal.R",TRUE,FALSE,"Internal placement is a proposal; inspect cohesion before moving."
".resolve_time_values","R/cube_slice.R","selection","internal-utils","utils-internal.R",TRUE,FALSE,"Internal placement is a proposal; inspect cohesion before moving."
".safe_mean","R/utils-internal.R","internal-utils","internal-utils","utils-internal.R",FALSE,FALSE,"Internal placement is a proposal; inspect cohesion before moving."
".safe_sd","R/utils-internal.R","internal-utils","internal-utils","utils-internal.R",FALSE,FALSE,"Internal placement is a proposal; inspect cohesion before moving."
".selection_auxiliary_components","R/cube_slice.R","selection","internal-utils","utils-internal.R",TRUE,FALSE,"Internal placement is a proposal; inspect cohesion before moving."
".selection_contains_dimensional_data","R/cube_slice.R","selection","internal-utils","utils-internal.R",TRUE,FALSE,"Internal placement is a proposal; inspect cohesion before moving."
".selection_units","R/cube_slice.R","selection","internal-utils","utils-internal.R",TRUE,FALSE,"Internal placement is a proposal; inspect cohesion before moving."
".slice_beyond_tolerance","R/cube_slice.R","selection","internal-utils","utils-internal.R",TRUE,FALSE,"Internal placement is a proposal; inspect cohesion before moving."
".slice_format_values","R/cube_slice.R","selection","internal-utils","utils-internal.R",TRUE,FALSE,"Internal placement is a proposal; inspect cohesion before moving."
".slice_not_found","R/cube_slice.R","selection","internal-utils","utils-internal.R",TRUE,FALSE,"Internal placement is a proposal; inspect cohesion before moving."
".slice_outside_domain","R/cube_slice.R","selection","internal-utils","utils-internal.R",TRUE,FALSE,"Internal placement is a proposal; inspect cohesion before moving."
".slice_time_numeric","R/cube_slice.R","selection","internal-utils","utils-internal.R",TRUE,FALSE,"Internal placement is a proposal; inspect cohesion before moving."
".spatial_pair_map","R/backend-index.R","backend/netcdf","internal-utils","utils-internal.R",TRUE,FALSE,"Internal placement is a proposal; inspect cohesion before moving."
".transect_cumulative_distance","R/cube_transect.R","extraction","internal-utils","utils-internal.R",TRUE,FALSE,"Internal placement is a proposal; inspect cohesion before moving."
".transect_mode","R/cube_transect.R","extraction","internal-utils","utils-internal.R",TRUE,FALSE,"Internal placement is a proposal; inspect cohesion before moving."
".transect_point_label","R/cube_transect.R","extraction","internal-utils","utils-internal.R",TRUE,FALSE,"Internal placement is a proposal; inspect cohesion before moving."
".transect_resolve_spatial","R/cube_transect.R","extraction","internal-utils","utils-internal.R",TRUE,FALSE,"Internal placement is a proposal; inspect cohesion before moving."
".transect_scalar_column","R/cube_transect.R","extraction","internal-utils","utils-internal.R",TRUE,FALSE,"Internal placement is a proposal; inspect cohesion before moving."
".transect_validate_antimeridian","R/cube_transect.R","extraction","internal-utils","utils-internal.R",TRUE,FALSE,"Internal placement is a proposal; inspect cohesion before moving."
".translate_netcdf_block","R/backend-netcdf.R","backend/netcdf","internal-utils","utils-internal.R",TRUE,FALSE,"Internal placement is a proposal; inspect cohesion before moving."
".typed_missing","R/cube_mask.R","geometry/masks","internal-utils","utils-internal.R",TRUE,FALSE,"Internal placement is a proposal; inspect cohesion before moving."
".validate_cube_block","R/backend-memory.R","backend/netcdf","internal-utils","utils-internal.R",TRUE,FALSE,"Internal placement is a proposal; inspect cohesion before moving."
".validate_cube_block_vector","R/backend-memory.R","backend/netcdf","internal-utils","utils-internal.R",TRUE,FALSE,"Internal placement is a proposal; inspect cohesion before moving."
".validate_cube_index","R/backend-memory.R","backend/netcdf","internal-utils","utils-internal.R",TRUE,FALSE,"Internal placement is a proposal; inspect cohesion before moving."
".validate_cube_position","R/backend-memory.R","backend/netcdf","internal-utils","utils-internal.R",TRUE,FALSE,"Internal placement is a proposal; inspect cohesion before moving."
".validate_extract_flag","R/cube_extract.R","extraction","internal-utils","utils-internal.R",TRUE,FALSE,"Internal placement is a proposal; inspect cohesion before moving."
".validate_extract_mode","R/cube_extract.R","extraction","internal-utils","utils-internal.R",TRUE,FALSE,"Internal placement is a proposal; inspect cohesion before moving."
".validate_extract_wide","R/cube_extract.R","extraction","internal-utils","utils-internal.R",TRUE,FALSE,"Internal placement is a proposal; inspect cohesion before moving."
".validate_geometry_axis","R/cube_grid_geometry.R","geometry/masks","internal-utils","utils-internal.R",TRUE,FALSE,"Internal placement is a proposal; inspect cohesion before moving."
".validate_memory_backend","R/backend-memory.R","backend/netcdf","internal-utils","utils-internal.R",TRUE,FALSE,"Internal placement is a proposal; inspect cohesion before moving."
".validate_netcdf_file_identity","R/backend-netcdf.R","backend/netcdf","internal-utils","utils-internal.R",TRUE,FALSE,"Internal placement is a proposal; inspect cohesion before moving."
".validate_netcdf_physical_schema","R/backend-netcdf.R","backend/netcdf","internal-utils","utils-internal.R",TRUE,FALSE,"Internal placement is a proposal; inspect cohesion before moving."
".validate_netcdf_storage","R/backend-netcdf.R","backend/netcdf","internal-utils","utils-internal.R",TRUE,FALSE,"Internal placement is a proposal; inspect cohesion before moving."
".validate_netcdf_variables_argument","R/backend-netcdf.R","backend/netcdf","internal-utils","utils-internal.R",TRUE,FALSE,"Internal placement is a proposal; inspect cohesion before moving."
".validate_numeric_crop_range","R/cube_crop.R","selection","internal-utils","utils-internal.R",TRUE,FALSE,"Internal placement is a proposal; inspect cohesion before moving."
".validate_slice_selector_vector","R/cube_slice.R","selection","internal-utils","utils-internal.R",TRUE,FALSE,"Internal placement is a proposal; inspect cohesion before moving."
".validate_slice_tolerance","R/cube_slice.R","selection","internal-utils","utils-internal.R",TRUE,FALSE,"Internal placement is a proposal; inspect cohesion before moving."
".validate_spatial_pair_read","R/backend-index.R","backend/netcdf","internal-utils","utils-internal.R",TRUE,FALSE,"Internal placement is a proposal; inspect cohesion before moving."
".vertical_bounds_metadata","R/cube_grid_geometry.R","geometry/masks","internal-utils","utils-internal.R",TRUE,FALSE,"Internal placement is a proposal; inspect cohesion before moving."
".weighted_mean","R/utils-internal.R","internal-utils","internal-utils","utils-internal.R",FALSE,FALSE,"Internal placement is a proposal; inspect cohesion before moving."
".with_netcdf_connection","R/backend-netcdf.R","backend/netcdf","internal-utils","utils-internal.R",TRUE,FALSE,"Internal placement is a proposal; inspect cohesion before moving."
".with_s2_geometry","R/cube_grid_geometry.R","geometry/masks","internal-utils","utils-internal.R",TRUE,FALSE,"Internal placement is a proposal; inspect cohesion before moving."
"cube_assign","","not-implemented","matching","cube-match.R",FALSE,FALSE,"Proposed roadmap function not yet defined in R/*.R; target module/file requires implementation approval."
"cube_join","","not-implemented","matching","cube-match.R",FALSE,TRUE,"Proposed roadmap function not yet defined in R/*.R; target module/file requires implementation approval."
"cube_locate","","not-implemented","matching","cube-match.R",FALSE,FALSE,"Proposed roadmap function not yet defined in R/*.R; target module/file requires implementation approval."
"link_events","R/link_events.R","matching","matching","cube-match.R",TRUE,TRUE,"Proposal only; no file was moved."
"cube_calendar","","not-implemented","metadata-cf","cube-standardize.R",FALSE,FALSE,"Proposed roadmap function not yet defined in R/*.R; target module/file requires implementation approval."
"cube_cf_metadata","","not-implemented","metadata-cf","cube-standardize.R",FALSE,FALSE,"Proposed roadmap function not yet defined in R/*.R; target module/file requires implementation approval."
"cube_depth_positive","","not-implemented","metadata-cf","cube-standardize.R",FALSE,FALSE,"Proposed roadmap function not yet defined in R/*.R; target module/file requires implementation approval."
"cube_lon_convention","","not-implemented","metadata-cf","cube-standardize.R",FALSE,FALSE,"Proposed roadmap function not yet defined in R/*.R; target module/file requires implementation approval."
"cube_standardize","","not-implemented","metadata-cf","cube-standardize.R",FALSE,FALSE,"Proposed roadmap function not yet defined in R/*.R; target module/file requires implementation approval."
"cube_units","","not-implemented","metadata-cf","cube-standardize.R",FALSE,FALSE,"Proposed roadmap function not yet defined in R/*.R; target module/file requires implementation approval."
"cube_align","","not-implemented","selection","cube-select.R",FALSE,FALSE,"Proposed roadmap function not yet defined in R/*.R; target module/file requires implementation approval."
"cube_crop","R/cube_crop.R","selection","selection","cube-select.R",TRUE,FALSE,"Proposal only; no file was moved."
"cube_mask","R/cube_mask.R","geometry/masks","selection","cube-select.R",TRUE,FALSE,"Proposal only; no file was moved."
"cube_merge","","not-implemented","selection","cube-select.R",FALSE,FALSE,"Proposed roadmap function not yet defined in R/*.R; target module/file requires implementation approval."
"cube_regrid","","not-implemented","selection","cube-select.R",FALSE,FALSE,"Proposed roadmap function not yet defined in R/*.R; target module/file requires implementation approval."
"cube_resample","","not-implemented","selection","cube-select.R",FALSE,FALSE,"Proposed roadmap function not yet defined in R/*.R; target module/file requires implementation approval."
"cube_slice","R/cube_slice.R","selection","selection","cube-select.R",TRUE,FALSE,"Proposal only; no file was moved."
"cube_stack","","not-implemented","selection","cube-select.R",FALSE,FALSE,"Proposed roadmap function not yet defined in R/*.R; target module/file requires implementation approval."
"cube_area_mean","","not-implemented","summary","cube-summary.R",FALSE,FALSE,"Proposed roadmap function not yet defined in R/*.R; target module/file requires implementation approval."
"cube_count","","not-implemented","summary","cube-summary.R",FALSE,FALSE,"Proposed roadmap function not yet defined in R/*.R; target module/file requires implementation approval."
"cube_exceedance","","not-implemented","summary","cube-summary.R",FALSE,FALSE,"Proposed roadmap function not yet defined in R/*.R; target module/file requires implementation approval."
"cube_max","","not-implemented","summary","cube-summary.R",FALSE,FALSE,"Proposed roadmap function not yet defined in R/*.R; target module/file requires implementation approval."
"cube_mean","","not-implemented","summary","cube-summary.R",FALSE,FALSE,"Proposed roadmap function not yet defined in R/*.R; target module/file requires implementation approval."
"cube_median","","not-implemented","summary","cube-summary.R",FALSE,FALSE,"Proposed roadmap function not yet defined in R/*.R; target module/file requires implementation approval."
"cube_min","","not-implemented","summary","cube-summary.R",FALSE,FALSE,"Proposed roadmap function not yet defined in R/*.R; target module/file requires implementation approval."
"cube_quantile","","not-implemented","summary","cube-summary.R",FALSE,FALSE,"Proposed roadmap function not yet defined in R/*.R; target module/file requires implementation approval."
"cube_region_summary","","not-implemented","summary","cube-summary.R",FALSE,FALSE,"Proposed roadmap function not yet defined in R/*.R; target module/file requires implementation approval."
"cube_sd","","not-implemented","summary","cube-summary.R",FALSE,FALSE,"Proposed roadmap function not yet defined in R/*.R; target module/file requires implementation approval."
"cube_vertical_integral","","not-implemented","summary","cube-summary.R",FALSE,FALSE,"Proposed roadmap function not yet defined in R/*.R; target module/file requires implementation approval."
"cube_vertical_mean","","not-implemented","summary","cube-summary.R",FALSE,TRUE,"Proposed roadmap function not yet defined in R/*.R; target module/file requires implementation approval."
"cube_volume_mean","","not-implemented","summary","cube-summary.R",FALSE,FALSE,"Proposed roadmap function not yet defined in R/*.R; target module/file requires implementation approval."
"layer_mean","R/layer_mean.R","summary","summary","cube-summary.R",TRUE,TRUE,"Proposal only; no file was moved."
"cube_coverage","","not-implemented","validation","cube-validate.R",FALSE,FALSE,"Proposed roadmap function not yet defined in R/*.R; target module/file requires implementation approval."
"cube_inspect","","not-implemented","validation","cube-validate.R",FALSE,FALSE,"Proposed roadmap function not yet defined in R/*.R; target module/file requires implementation approval."
"cube_inventory","","not-implemented","validation","cube-validate.R",FALSE,FALSE,"Proposed roadmap function not yet defined in R/*.R; target module/file requires implementation approval."
"cube_missing","","not-implemented","validation","cube-validate.R",FALSE,FALSE,"Proposed roadmap function not yet defined in R/*.R; target module/file requires implementation approval."
"cube_qc_filter","","not-implemented","validation","cube-validate.R",FALSE,FALSE,"Proposed roadmap function not yet defined in R/*.R; target module/file requires implementation approval."
"cube_quality","","not-implemented","validation","cube-validate.R",FALSE,FALSE,"Proposed roadmap function not yet defined in R/*.R; target module/file requires implementation approval."
"cube_uncertainty","","not-implemented","validation","cube-validate.R",FALSE,FALSE,"Proposed roadmap function not yet defined in R/*.R; target module/file requires implementation approval."
"cube_validate","","not-implemented","validation","cube-validate.R",FALSE,FALSE,"Proposed roadmap function not yet defined in R/*.R; target module/file requires implementation approval."
"viz.anomaly","","not-implemented","visualization","viz-by-task.R",FALSE,FALSE,"Proposed roadmap function not yet defined in R/*.R; target module/file requires implementation approval."
"viz.climatology","","not-implemented","visualization","viz-by-task.R",FALSE,FALSE,"Proposed roadmap function not yet defined in R/*.R; target module/file requires implementation approval."
"viz.compare","","not-implemented","visualization","viz-by-task.R",FALSE,FALSE,"Proposed roadmap function not yet defined in R/*.R; target module/file requires implementation approval."
"viz.coverage","","not-implemented","visualization","viz-by-task.R",FALSE,FALSE,"Proposed roadmap function not yet defined in R/*.R; target module/file requires implementation approval."
"viz.hovmoller","","not-implemented","visualization","viz-by-task.R",FALSE,FALSE,"Proposed roadmap function not yet defined in R/*.R; target module/file requires implementation approval."
"viz.map","","not-implemented","visualization","viz-by-task.R",FALSE,FALSE,"Proposed roadmap function not yet defined in R/*.R; target module/file requires implementation approval."
"viz.profile","","not-implemented","visualization","viz-by-task.R",FALSE,FALSE,"Proposed roadmap function not yet defined in R/*.R; target module/file requires implementation approval."
"viz.quality","","not-implemented","visualization","viz-by-task.R",FALSE,FALSE,"Proposed roadmap function not yet defined in R/*.R; target module/file requires implementation approval."
"viz.save","","not-implemented","visualization","viz-by-task.R",FALSE,FALSE,"Proposed roadmap function not yet defined in R/*.R; target module/file requires implementation approval."
"viz.section","","not-implemented","visualization","viz-by-task.R",FALSE,FALSE,"Proposed roadmap function not yet defined in R/*.R; target module/file requires implementation approval."
"viz.series","","not-implemented","visualization","viz-by-task.R",FALSE,FALSE,"Proposed roadmap function not yet defined in R/*.R; target module/file requires implementation approval."
"viz.slope","","not-implemented","visualization","viz-by-task.R",FALSE,FALSE,"Proposed roadmap function not yet defined in R/*.R; target module/file requires implementation approval."
"viz.uncertainty","","not-implemented","visualization","viz-by-task.R",FALSE,FALSE,"Proposed roadmap function not yet defined in R/*.R; target module/file requires implementation approval."
"viz.vector","","not-implemented","visualization","viz-by-task.R",FALSE,FALSE,"Proposed roadmap function not yet defined in R/*.R; target module/file requires implementation approval."
