"decision_id","decision","status","rationale","scope","source","date_recorded","revisit_trigger"
"DEC-001","oceancube owns field-to-field transformation, physical and geometric fields, I/O, metadata, storage, and visualization; it does not own ecological indicators","APPROVED","Preserves a coherent upstream data-cube and physical-field role","package boundary","post-release audit; inst/architecture/oceancube-spatind-boundary.md; maintainer roadmap contract","2026-08-20","A proposed feature cannot be classified as field preparation, physical diagnosis, geometry, storage, or visualization"
"DEC-002","spatind owns indicator construction, indicator time series, uncertainty, trend inference, breakpoints, and regime interpretation","APPROVED","Separates downstream ecological/statistical meaning from upstream field transformations","package boundary","post-release audit; maintainer roadmap contract","2026-08-20","A versioned downstream contract demonstrates a necessary shared responsibility"
"DEC-003","cube_trend remains a descriptive per-cell elapsed-time ordinary linear slope","APPROVED","The current tested contract is descriptive field transformation and contains no inference","cube_trend","current source, tests, man page, handbook, and maintainer roadmap contract","2026-08-20","A separately approved breaking-contract proposal"
"DEC-004","Sen slopes, Mann-Kendall tests, p-values, breakpoints, and regime shifts are excluded from oceancube","APPROVED","These methods express inference over derived series rather than cube representation","trend and inference","post-release audit; maintainer roadmap contract","2026-08-20","A shared generic field-inference contract is proposed with compelling evidence"
"DEC-005","oceancube will not reimplement TEOS-10 equations and will delegate thermodynamic calculations to gsw","APPROVED","TEOS-10 has an authoritative maintained implementation and numerical validation suite","vertical ocean and thermodynamics","TEOS-10 and GSW-R official documentation; maintainer roadmap contract","2026-08-20","gsw becomes unavailable or ceases to implement the authoritative standard"
"DEC-006","oceancube prepares renderer-neutral scientific 3-D data and keeps the renderer replaceable","APPROVED","Scientific preparation, decimation, orientation, and provenance must not depend on one graphics package","3-D visualization","user-driven requirement; ggcube, OceanView, and rgl review; maintainer roadmap contract","2026-08-20","A stable renderer-neutral contract proves impossible after prototypes"
"DEC-007","hardening measurement infrastructure precedes CF, vertical, vector, and 3-D feature expansion","APPROVED","Architectural complexity needs real-data, parity, coverage, benchmark, and stress baselines","development sequencing","post-release audit; maintainer roadmap contract","2026-08-20","All Gate A baselines exist and the hardening exit review is approved"
"DEC-008","vertical coordinate semantics and primitives precede named vertical diagnostics","APPROVED","Named diagnostics cannot be reliable without orientation, units, interpolation, masking, and edge rules","vertical ocean","oce and TEOS-10 review; maintainer roadmap contract","2026-08-20","Vertical contract and primitive design are approved"
"DEC-009","grid topology, metrics, and component positions precede vector alignment and vector calculus","APPROVED","Staggered and curvilinear model fields require explicit positions and metric-aware operations","grid and vector ocean","xgcm official documentation; maintainer roadmap contract","2026-08-20","Grid contract and metric test suite are approved"
"DEC-010","the oceancube-to-spatind exchange will be a versioned plain-data contract with stable keys and explicit units","APPROVED","The packages need an auditable boundary without sharing live backends or hidden state","inter-package exchange","inst/architecture/oceancube-spatind-boundary.md; maintainer roadmap contract","2026-08-20","A downstream prototype identifies missing keys or semantics"
"DEC-011","small and medium 3-D surfaces and slices are separated from large volumetric rendering and long animations","APPROVED","The latter require decimation, memory estimation, lazy execution, and chunk planning","3-D visualization","ggcube and rgl review; maintainer roadmap contract","2026-08-20","Performance evidence supports moving a workload between scale classes"
"DEC-012","xarray, Dask, kerchunk, and xgcm are architectural references and do not create a Python core dependency","APPROVED","oceancube remains an R package while adopting proven separation and scheduling concepts selectively","backend and compute architecture","official project documentation; maintainer roadmap contract","2026-08-20","A separately approved optional adapter has a bounded dependency and maintenance plan"
"DEC-013","stars, terra, sf, ncdfCF, OceanView, ggcube, and rgl are optional adapters, reference implementations, or inspiration rather than substitutes for ocean_cube","APPROVED","The canonical cube contract must remain stable across external tool lifecycles","interoperability","official R ecosystem documentation; maintainer roadmap contract","2026-08-20","Adapter prototypes show a narrower or stronger dependency strategy"
"DEC-014","future public API growth must favor small composable engines, arguments, methods, and adapters rather than one export per historical idea","APPROVED","The 0.2.0 audit found approximately 114 proposals and demonstrated the maintenance risk of API inflation","public API governance","docs/roadmap/audit-0.2.0; docs/roadmap/decision-0.2.0","2026-08-20","A proposed export passes an explicit API necessity review"
"DEC-015","choose a native, ncdfCF-backed, or hybrid CF interpretation engine","APPROVED — HYBRID ACTIVE SUPPORTED-SUBSET ENGINE","B1 selects and B2/B3 implement an oceancube-owned versioned plain-R canonical CF metadata model plus native structural preservation simple-link interpretation deterministic supported-subset diagnostics strict schema validation and a shared axis resolver; ncdfCF remains optional as an oracle/reference/adapter","CF engine","CF 1.13 normative specification and requirements/recommendations; dev/hardening/cf-foundation B1 prototypes and scorecard; dev/hardening/cf-preservation B2 runtime/fixture/parity/serialization evidence; dev/hardening/cf-validation B3 rule/fixture/parity evidence; ncdfCF 0.8.2 comparison","2026-08-28","Later evidence contradicts lossless ownership backend independence exact serialization deterministic supported-subset diagnostics shared-reader semantics or independent-oracle strategy"
"DEC-016","choose one-way or round-trip conversion semantics for stars and terra adapters","OPEN","Lossless dimensions, metadata, lazy state, and write-back guarantees differ by target","interoperability","stars and terra official documentation","2026-08-20","Adapter feasibility matrix and round-trip tests exist"
"DEC-017","select optional 3-D renderer or renderer set","OPEN","ggcube and rgl have different static, interactive, WebGL, animation, and deployment tradeoffs","3-D visualization","ggcube and rgl official documentation","2026-08-20","Renderer-neutral surface prototype and platform matrix exist"
"DEC-018","add one experimental cube_open() entry for the local read-only deferred NetCDF backend while preserving eager read_nc()","APPROVED — IMPLEMENTED/CERTIFIED","A5b implements the exact A5a signature as the sole new export and certifies metadata-only variable discovery, local read-only lifecycle, bounded public operations, serialization/file identity, OISST parity and V1 read_nc/cube_collect history without a lazy compute DAG or eager-reader change","public backend API","post-release audit; A5a architecture decision and executable prototype evidence; A5b public runtime, test and package certification","2026-08-26","A future contract proposes multifile, remote, provider acquisition, Zarr, CF convergence or a lazy compute graph"
"DEC-019","place the minimal versioned provenance contract in 0.3.0-A as P0 and extend scientific metadata integration in 0.3.0-B","APPROVED — IMPLEMENTED/CERTIFIED","IMPLEMENTED/CERTIFIED: A4a selects the flat-primary plus flat-secondary hybrid; A4b1 proves the core engine; A4b2 proves the linear rollout; A4b3a proves temporal, multi-input and wrapper rollout; A4b3b completes runtime migration; A4-EXIT globally certifies compatibility, privacy, serialization, real-data lineage and all output families","provenance","post-release audit; maintainer roadmap contract; A4a design contracts; A4b1 executable core; A4b2 linear runtime evidence; A4b3a temporal and multi-input evidence; A4b3b table, geometry and remaining-producer evidence; A4-EXIT global certification","2026-08-21","A future schema revision or regression invalidates global V1 compatibility, privacy, serialization, or cross-output lineage"
"DEC-020","use 0.2.0.9000 for development immediately after stable 0.2.0, with 0.3.0 as the next intended formal release","APPROVED","The fourth version component distinguishes post-release development without claiming the 0.3.0 release prematurely","version strategy","maintainer roadmap contract","2026-08-20","The project adopts a different development-version convention"
"DEC-021","keep main as the stable/post-release integration branch and use dev-0.3.0 as the active branch for the 0.3 cycle after deleting the fully merged local dev-0.2.0 branch","APPROVED","The branch transition occurs only after Gate A approval and preserves the certified main and stable release tag","branch strategy","git ancestry audit; maintainer roadmap contract","2026-08-20","Development complexity requires revisiting the branch policy"
"DEC-022","choose the optional dependency depth and validation authority for the future spatind exchange","OPEN","The downstream API was unavailable when the existing boundary contract was written","inter-package exchange","inst/architecture/oceancube-spatind-boundary.md","2026-08-20","Accessible spatind repository and prototype consumer exist"
"DEC-023","use a hybrid calendar-aware time model: retain exact Date/POSIXct cases, represent non-base calendars in oceancube-owned plain R state, and use CFtime only as an optional transient development oracle","APPROVED — HYBRID CALENDAR-AWARE TIME MODEL; CORE RUNTIME IMPLEMENTED/CERTIFIED","B4 proves the representation decision; B5 implements and locally certifies the bounded plain-R runtime for fixed elapsed units, supported historical calendars, hybrid base compatibility, eager/deferred parity, selection, preservation, serialization and explicit unsupported Tier-2 temporal analytics without making CFtime production state","time and CF","CF 1.13; inst/architecture/oceancube-cf-time-calendar-v1.md; dev/hardening/cf-time B4 architecture evidence; dev/hardening/cf-time-engine B5 runtime, selector, fixture, oracle and regression evidence; CFtime 1.7.3 optional comparison","2026-08-28","Evidence contradicts calendar fidelity, existing Date/POSIXct compatibility, plain-state serialization, same-calendar selection, explicit cross-calendar rejection, or runtime independence from CFtime"
"DEC-024","approve licenses, access methods, fixture derivation, redistribution, and offline-CI policy for the exact OISST v2.1, ETOPO 2022 v1 and WOA23 v3.3 governed fixtures, including the B7 January t01 pair","APPROVED — EXPANDED B7","A3b verifies the original exact first-party legal evidence and B7 verifies official January temperature/salinity identity, public-use wording, attribution, full-source SHA-256, deterministic 9x12x6x1 derivation, final SHA-256, byte-identical regeneration and local-only tests; Copernicus and unlisted future sources remain outside this approval","test data governance","provider documentation; dev/hardening/real-data evidence; dev/hardening/cf-vertical source audit; committed fixture manifest","2026-08-29","A new provider/product/version is proposed, exact terms change, a source response drifts, or fixture size/network policy changes"
"DEC-025","the historical approximately 114-function 0.2.0 proposal is not a future export commitment","SUPERSEDED","The implemented 0.2.0 contract has 38 exports and later decisions require a smaller composable API","historical roadmap","docs/roadmap/oceancube-v0.2.0-scope.Rmd; 0.2.0 release audit","2026-08-20","Never; retained as historical evidence"
"DEC-026","the historical Theil-Sen option proposed for cube_slope is superseded by the final cube_trend contract","SUPERSEDED","Current tested behavior is elapsed-time ordinary linear slope and inference belongs downstream","trend API","historical 0.2.0 scope; current cube_trend source and tests","2026-08-20","Only a separately approved new downstream or field-level contract"
"DEC-027","repository description, homepage, topics, and GitHub license recognition are post-release hygiene rather than 0.3 scientific scope","APPROVED","Repository discoverability should be repaired without coupling it to scientific engine design","repository hygiene","post-release audit; GitHub repository metadata","2026-08-20","Metadata is populated and license recognition verified"
"DEC-028","the provisional 1.0.0 milestone is defined by stable contracts and evidence, not export count","APPROVED","Scientific stability depends on compatibility, validation, provenance, and performance baselines","release architecture","maintainer roadmap contract","2026-08-20","1.0 release-candidate acceptance review"
"DEC-029","authorize dimensional metric ocean depth with certified CF semantics and explicit bounds as the Gate-B physical-geometry subset","APPROVED — IMPLEMENTED/CERTIFIED; GATE B SATISFIED","B7 proves source/current separation, typed vertical taxonomy, bounded m/km normalization, positive and order semantics, provider CF bounds, WOA23 January eager/deferred/collect parity, exact thickness and volume, safe rejection of height pressure dimensionless and parametric geometry, and no scientific payload reads","CF vertical runtime and Gate B","CF 1.13 sections 4.3 7.1 7.1.4 and Appendix D; inst/architecture/oceancube-cf-vertical-v1.md; dev/hardening/cf-vertical B7 evidence","2026-08-29","Evidence contradicts source-metadata fidelity, metric bounds safety, backend parity, or the exclusion of conversion/evaluation and legacy reductions"
"DEC-030","use explicit bounds first for certified vertical science while retaining centre-inferred layer means only as an uncertified compatibility path","APPROVED — IMPLEMENTED/CERTIFIED C1","C1 routes thickness volume and layer means through one support engine; exact interval overlap and union coverage reject partial geometry before reads, preserve zero-coverage NA and missing-value renormalization, support descending m/km axes, and retain exact legacy numerics without warnings","vertical support policy","inst/architecture/oceancube-vertical-primitives-v1.md; dev/hardening/vertical-primitives evidence; B7-001","2026-08-29","A future compatibility migration removes centre inference, or evidence invalidates explicit-bounds overlap, coverage, metadata, provenance, or backend-read semantics"
"DEC-031","require certified CF vertical cell means and canonical metre overlap for metric column integration","APPROVED — IMPLEMENTED/CERTIFIED C2","Metric integration requires certified dimensional metric depth, explicit valid bounds, full geometric coverage, exact vertical cell-mean semantics and canonical integration in metres. Point, sum, other, ambiguous, pressure, height, dimensionless and parametric cases remain unsupported.","vertical reduction policy","inst/architecture/oceancube-vertical-reduction-v1.md; dev/hardening/vertical-reduction evidence; DEC-029; DEC-030; B7-001","2026-08-30","Evidence invalidates the bounded cell-method classifier, metric overlap, strict missingness, metadata truthfulness, or deferred-read behavior"
"DEC-032","certify semantic vertical depth sampling without duplicating discrete selection","APPROVED — IMPLEMENTED/CERTIFIED C3","Cell means are sampled only through explicit source-cell containment under piecewise-constant reconstruction; point values may use local linear interpolation. Cell means are never centre-linearly interpolated, explicit gaps are never bridged, extrapolation is prohibited, and sampled outputs inherit no physical layer bounds.","vertical sampling policy","inst/architecture/oceancube-vertical-sampling-v1.md; dev/hardening/vertical-sampling evidence; DEC-029; DEC-030; DEC-031","2026-08-30","Evidence invalidates per-variable semantic resolution, exact/linear numerics, gap or boundary safety, no-bounds output semantics, or bounded deferred reads"
"DEC-033","certify signed vertical gradients as adjacent-level secants against canonical positive-down metric depth","APPROVED — IMPLEMENTED/CERTIFIED C4","Point and certified cell-mean profiles use transparent adjacent-level first-order secants against physical ocean depth in metres positive downward. Explicit gaps are never filled; spacing and gap support are recorded separately. Gradient midpoints inherit no physical layer bounds.","vertical gradient policy","inst/architecture/oceancube-vertical-gradient-v1.md; dev/hardening/vertical-gradient evidence; DEC-029; DEC-030; DEC-031; DEC-032","2026-08-30","Evidence invalidates derivative sign, spacing/order/unit invariance, current-semantic precedence, support-gap truthfulness, missingness locality, or no-bounds output safety"
