"id","roadmap_stage","roadmap_item","proposed_module","proposed_api","status","origin_category","origin_detail","external_reference","scientific_problem","computational_problem","why_oceancube","destination","implementation_strategy","dependency_strategy","prerequisites","priority","target_version","risk","maintainer_decision_required","decision_id","notes"
"OC-HARD-01","0.3.0-A","Backend parity baseline","backend-validation","test matrix; no public API","APPROVED-CONCEPT","INTERNAL;ARCHITECTURAL","Post-release audit found memory and deferred NetCDF behavior need comparable evidence","none (repository backend evidence)","Equivalent scientific selections must produce equivalent values and metadata","Materialized and bounded reads can diverge in indexing, missingness, or attributes","Backend correctness is a core cube responsibility","oceancube","Define operation-by-operation parity fixtures and tolerances","No new runtime dependency","Stable 0.2.0 baseline and fixture governance","P0","0.3.0-A","high","FALSE","DEC-007","Parity measurement precedes backend expansion"
"OC-HARD-02","0.3.0-A","Performance benchmark framework","performance","benchmark harness; no public API","APPROVED-CONCEPT","INTERNAL;ARCHITECTURAL","No formal benchmark suite exists","none (internal measurement need)","Users need predictable bounded operations on ocean cubes","Runtime regressions are invisible without reproducible size classes","Performance is part of storage-aware cube behavior","oceancube","Benchmark representative crop, slice, extract, collect, temporal, and geometry paths","Development-only benchmark tooling selected later","Backend parity and fixture size classes","P0","0.3.0-A","medium","FALSE","DEC-007","Baseline first; optimization is not required for gate completion"
"OC-HARD-03","0.3.0-A","Property and invariance test framework","validation","property generators; no public API","APPROVED-CONCEPT","INTERNAL;ARCHITECTURAL","Example-based tests do not cover broad coordinate and shape combinations","none (internal verification need)","Cube transformations must preserve dimensions, coordinates, units, and provenance invariants","Combinatorial shapes and selections are expensive to enumerate manually","Contract invariants belong with the cube engine","oceancube","Generate bounded valid/invalid cubes and assert algebraic and metadata properties","Development-only tool or internal generators; decision after prototype","Stable validation contract","P0","0.3.0-A","medium","FALSE","DEC-007","Includes singleton dimensions, reversed selections, and backend equivalence"
"OC-HARD-04","0.3.0-A","Code coverage audit","validation","coverage report; no public API","APPROVED-CONCEPT","INTERNAL;ARCHITECTURAL","No formal coverage baseline exists","none (internal verification need)","Critical scientific branches need visible test evidence","Raw percentages can hide untested error and metadata paths","Package maintainers own test completeness","oceancube","Measure by module and classify uncovered scientific, backend, error, and documentation paths","Development-only coverage tooling","Current test suite green","P0","0.3.0-A","low","FALSE","DEC-007","Coverage is evidence, not a percentage-only gate"
"OC-HARD-05","0.3.0-A","Memory profiling and estimator baseline","performance","internal profiler and estimator review","APPROVED-CONCEPT","INTERNAL;ARCHITECTURAL","Materialization and large outputs need measured memory behavior","none (internal performance evidence)","Ocean fields can exceed available memory","Copies, array reshaping, and plotting can multiply peak allocation","Storage-aware behavior is part of oceancube","oceancube","Profile representative operations and compare estimates with peak allocations","Development-only profiler; no runtime dependency until justified","Benchmark framework and size classes","P0","0.3.0-A","medium","FALSE","DEC-007","Required before large 3-D and chunk planning"
"OC-HARD-06","0.3.0-A","Backend stress-test framework","backend-validation","stress scenarios; no public API","APPROVED-CONCEPT","INTERNAL;ARCHITECTURAL","No formal stress suite exists","none (internal backend evidence)","Long time axes, sparse selections, and many variables expose backend edge cases","File handles, read plans, and memory pressure fail outside unit-scale fixtures","Backend reliability belongs in oceancube","oceancube","Add bounded opt-in stress profiles with recorded machine and data size","Development-only; exclude heavy runs from ordinary CI","Parity, benchmark, and fixture governance","P0","0.3.0-A","medium","FALSE","DEC-007","CI uses small representatives; scheduled/local runs may be larger"
"OC-HARD-07","0.3.0-A","Real-data fixture governance","test-data","fixture manifests; no public API","APPROVED-CONCEPT","INTERNAL;ARCHITECTURAL","Real products are needed without committing operational datasets","provider terms vary","Scientific metadata and grid behavior must be tested against actual products","Large, credentialed, or restricted sources are not CI-safe","Package validation needs governed representative evidence","oceancube","Require source, license, derivation, checksum, size budget, and CI eligibility manifests","Provider clients remain outside core unless separately approved","Per-source legal and access review","P0","0.3.0-A","high","TRUE","DEC-024","No download occurs in roadmap phase"
"OC-BACKEND-01","0.3.0-A","Public lazy-NetCDF access contract","backend-netcdf","ocean_cube descriptor input vs read_nc mode vs candidate cube_open()","PROPOSED","INTERNAL;USER-DRIVEN;ARCHITECTURAL","read_nc materializes while a bounded deferred backend exists internally","https://docs.ropensci.org/tidync/","Users need explicit access to bounded reads without breaking read_nc compatibility","A public entry must preserve serialization, file identity, errors, and lifecycle","NetCDF access is core oceancube I/O","oceancube","Write API option paper and prototype internally before selecting a public surface","tidync is inspiration or oracle; not an automatic dependency","Backend parity baseline and provenance v1","P0","0.3.0-A","high","TRUE","DEC-018","No function name is approved"
"OC-PROV-01","0.3.0-A","Versioned provenance contract","provenance","schema fields and internal append/validate engine","APPROVED-CONCEPT","INTERNAL;ARCHITECTURAL","Current provenance exists without an explicit schema version","none (internal contract evidence)","Scientific transformations need reproducible method and source lineage","Heterogeneous free-form records cannot be compared or migrated safely","Every field transformation must record provenance","oceancube","Define schema_version, operation, parameters, parents, source identity, time, package version, backend, coordinate transforms, and method ID","Native minimal schema first; CF integration in 0.3.0-B","Stable operation inventory and backend parity","P0","0.3.0-A","high","FALSE","DEC-019","P0 minimal schema; extensible without serializing live backends"
"OC-DATAFIX-01","0.3.0-A","Copernicus Marine physical-model fixture","test-data","fixture only","PROPOSED","USER-DRIVEN;EXTERNAL-INSPIRED","Current workflows target Copernicus Marine model products","https://marine.copernicus.eu/","Validate depth, masks, variables, time, units, and real CF metadata","Authenticated access and product size prevent direct CI download","Representative model data validates the primary ocean-cube use case","oceancube","Derive a tiny checksum-pinned subset only after terms and redistribution review","No provider client added to core by this row","Fixture governance and access approval","P0","0.3.0-A","high","TRUE","DEC-024","CI-safe only if redistribution is approved; otherwise use metadata plus synthetic analogue"
"OC-DATAFIX-02","0.3.0-A","NOAA gridded-product fixture","test-data","fixture only","PROPOSED","EXTERNAL-INSPIRED","Independent public gridded source broadens provider evidence","https://psl.noaa.gov/data/gridded/","Validate rectilinear surface fields and long time axes","Stable version pinning and subset derivation are required","Provider-independent behavior is a cube contract requirement","oceancube","Select one public product and derive a tiny attributed subset","No runtime NOAA dependency","Fixture governance and product selection","P0","0.3.0-A","medium","TRUE","DEC-024","Prefer a stable documented product rather than a live endpoint in CI"
"OC-DATAFIX-03","0.3.0-A","Satellite SST fixture","test-data","fixture only","PROPOSED","EXTERNAL-INSPIRED","Surface products need quality and singleton-depth evidence","https://coastwatch.noaa.gov/cw/satellite-data-products/sea-surface-temperature.html","Validate singleton depth, flags, packed values, missingness, and geolocation","Provider encodings and redistribution conditions vary","Satellite surfaces are a canonical ocean-cube class","oceancube","Create a tiny quality-bearing subset with derivation record if permitted","No runtime satellite dependency","Fixture governance and license review","P0","0.3.0-A","medium","TRUE","DEC-024","Do not treat swath and gridded products as equivalent"
"OC-DATAFIX-04","0.3.0-A","Satellite chlorophyll fixture","test-data","fixture only","PROPOSED","EXTERNAL-INSPIRED","Ocean-color products exercise skew, masks, packing, and quality metadata","https://oceancolor.gsfc.nasa.gov/","Validate ocean-color units, missingness, flags, and transformed values","Packed data and provider terms complicate redistribution","Biogeochemical gridded fields are valid oceancube inputs","oceancube","Derive a tiny subset or a metadata-plus-synthetic fixture after review","No runtime ocean-color dependency","Fixture governance and license review","P1","0.3.0-A","medium","TRUE","DEC-024","CI-safe form depends on redistribution decision"
"OC-DATAFIX-05","0.3.0-A","Reanalysis forcing fixture","test-data","fixture only","PROPOSED","EXTERNAL-INSPIRED","Forcing products test cell methods, long time, and multi-file metadata","https://www.ecmwf.int/en/forecasts/dataset/ecmwf-reanalysis-v5","Validate temporal semantics, cell_methods, calendars, and compatibility","Large collections and access terms prohibit naive repository inclusion","Forcing fields are common upstream covariates","oceancube","Use metadata manifest plus tiny licensed subset or synthetic analogue","No ECMWF runtime dependency","Fixture governance and product terms","P1","0.3.0-A","medium","TRUE","DEC-024","Full multi-file use waits for later backend work"
"OC-DATAFIX-06","0.3.0-A","Bathymetry fixture","test-data","fixture only","PROPOSED","EXTERNAL-INSPIRED","Bathymetry is needed for depth orientation and 3-D overlays","https://www.gebco.net/data_and_products/gridded_bathymetry_data/","Validate positive direction, units, land/sea masks, bounds, and overlay alignment","Resolution, attribution, and redistribution must be controlled","Bathymetry supports vertical and visualization contracts","oceancube","Use a coarse attributed subset if license permits","No bathymetry package dependency","Fixture governance and source review","P1","0.3.0-A","medium","TRUE","DEC-024","Required before Gate C overlay implementation"
"OC-DATAFIX-07","0.3.0-A","Nontrivial ocean-model grid fixture","test-data","fixture metadata/topology","PROPOSED","STANDARD-DRIVEN;EXTERNAL-INSPIRED","Advanced grids need evidence beyond rectilinear center coordinates","https://xgcm.readthedocs.io/en/latest/","Validate auxiliary coordinates, positions, metrics, and eventually stagger/sigma behavior","Small fixtures must retain topology without large payloads","Grid semantics are a core oceancube responsibility","oceancube","Start with metadata/topology fixture; add tiny values only after grid contract","No xgcm dependency","Fixture governance and preliminary grid vocabulary","P1","0.3.0-A","high","TRUE","DEC-024","Does not authorize advanced-grid implementation"
"OC-CF-01","0.3.0-B","CF metadata preservation model","cf-metadata","metadata schema and accessors under review","APPROVED-CONCEPT","STANDARD-DRIVEN;ARCHITECTURAL","CF 1.13 defines field and domain semantics needed across providers","https://cfconventions.org/Data/cf-conventions/cf-conventions-1.13/cf-conventions.html","Preserve meaning of variables, axes, coordinates, bounds, measures, mappings, and quality","Attributes are linked objects rather than an unstructured flat list","CF interpretation is core I/O and metadata work","oceancube","Stage standard_name, long_name, units, coordinates, axis, positive, bounds, cell_methods, cell_measures, grid_mapping, ancillary_variables, flag_values, and flag_masks","Native or hybrid engine remains open","Hardening exit and provenance v1","P0","0.3.0-B","high","TRUE","DEC-015","Preservation precedes interpretation and validation"
"OC-CF-02","0.3.0-B","CF interpretation and conformance stages","cf-validation","internal interpreter and structured diagnostics","APPROVED-CONCEPT","STANDARD-DRIVEN;ARCHITECTURAL","Preserved attributes are insufficient without linked semantic interpretation","https://cfconventions.org/","Users need to know what a field and its coordinates mean","Partial support can overclaim conformance","A valid ocean cube requires explicit metadata interpretation","oceancube","Implement preservation, interpretation, validation, advanced-coordinate, then writing stages with declared coverage","Compare against ncdfCF as a conformance oracle candidate","CF preservation and fixture matrix","P0","0.3.0-B","high","TRUE","DEC-015","Never claim complete CF support from a few attribute checks"
"OC-CF-03","0.3.0-B","Non-Gregorian calendar strategy","time-cf","CFtime vs internal representation vs alternative","PROPOSED","STANDARD-DRIVEN;ARCHITECTURAL","Future julian, noleap, all_leap, and 360_day data cannot be forced into Date safely","https://cran.r-project.org/package=CFtime","Interpret idealized and historical calendars without false dates","Ordering, grouping, serialization, printing, and arithmetic require a coherent type","Calendar semantics affect every temporal cube operation","oceancube","Prototype representations and compatibility before extending current calendar support","CFtime is a candidate; dependency not selected","CF preservation, time invariants, and DEC-023","P0","0.3.0-B","high","TRUE","DEC-023","Current standard, gregorian, and proleptic_gregorian behavior remains"
"OC-CF-04","0.3.0-B","CF vertical-coordinate semantics","cf-vertical","formula-term interpreter under review","APPROVED-CONCEPT","STANDARD-DRIVEN;ARCHITECTURAL","Depth, height, pressure, sigma, and hybrid coordinates need distinct semantics","https://cfconventions.org/Data/cf-conventions/cf-conventions-1.13/cf-conventions.html","Prevent invalid conversion of parametric coordinates to metric depth","Formula terms and auxiliary variables must be resolved consistently","Vertical semantics are core physical-field preparation","oceancube","Interpret axis, positive, units, bounds, formula_terms, and required auxiliary variables before conversion","Native or hybrid CF engine","CF preservation and vertical fixtures","P0","0.3.0-B","high","FALSE","DEC-008","Foundation for Gate B and advanced grids"
"OC-INT-01","0.3.0-B","stars interoperability adapter","interop-stars","as_stars/from_stars candidates","PROPOSED","EXTERNAL-INSPIRED;ARCHITECTURAL","stars offers labeled N-D geospatial arrays, proxies, and curvilinear metadata","https://r-spatial.github.io/stars/","Exchange data with the R spatial N-D ecosystem","Round trips can lose backend, variable, and provenance semantics","Optional interoperability belongs at the cube boundary","oceancube","Prototype one-way and round-trip mappings with explicit loss reports","Optional Suggests adapter only if approved","CF model and adapter contract","P1","0.3.0-B","medium","TRUE","DEC-016","stars is not a replacement for ocean_cube"
"OC-INT-02","0.3.0-B","terra interoperability adapter","interop-terra","as_spatraster/from_spatraster candidates","PROPOSED","EXTERNAL-INSPIRED;ARCHITECTURAL","terra provides on-disk SpatRaster and mature raster operations","https://rspatial.github.io/terra/","Exchange compatible surfaces and layer stacks with raster workflows","Depth/time/variable dimensions and metadata do not map automatically","Raster/surface interchange is an oceancube boundary concern","oceancube","Define supported dimensional slices and explicit information-loss diagnostics","Optional Suggests adapter only if approved","CF model and adapter contract","P1","0.3.0-B","medium","TRUE","DEC-016","Do not delegate the ocean_cube contract to terra"
"OC-INT-03","0.3.0-B","sf geometry interoperability","interop-sf","existing geometry inputs plus converter review","APPROVED-CONCEPT","EXTERNAL-INSPIRED;ARCHITECTURAL","Vector domains, polygons, transects, and CRS need standards-based exchange","https://r-spatial.github.io/sf/","Represent vector geometries and geodetic operations consistently","CRS, s2 behavior, and geometry lifecycles must be explicit","oceancube already owns field-domain geometry and weights","oceancube","Keep sf optional and use plain keyed outputs where geometry retention is unnecessary","Optional Suggests dependency remains bounded","CF grid mapping and geometry invariants","P1","0.3.0-B","medium","FALSE","DEC-013","sf is the vector-domain adapter, not the cube storage model"
"OC-INT-04","0.3.0-B","Plain data-frame and tidy interchange","interop-tabular","as.data.frame methods or explicit extract arguments under review","APPROVED-CONCEPT","INTERNAL;ARCHITECTURAL","Tabular consumers need stable coordinates, indices, units, and provenance keys","none (R base interchange)","Move profiles, series, sections, and weighted values without hidden objects","Wide and long representations can lose dimensions or duplicate coordinates","Plain exchange supports users and downstream packages","shared-contract","Define versioned schemas and explicit long/wide loss rules","Base data.frame first; optional tidy helpers only if justified","Provenance v1 and stable index semantics","P1","0.3.0-B","medium","FALSE","DEC-014","Prefer arguments/methods over many export variants"
"OC-INT-05","0.3.0-B","ncdfCF adapter and conformance-oracle evaluation","cf-validation","adapter/oracle prototype; no committed API","PROPOSED","EXTERNAL-INSPIRED;STANDARD-DRIVEN","ncdfCF interprets axes, calendars, bounds, measures, grid mappings, and standard names","https://cran.r-project.org/package=ncdfCF","Increase CF coverage and detect divergent interpretation","Depending fully on another object model may reduce control over ocean_cube semantics","CF correctness is core but implementation strategy is open","oceancube","Compare representative files and diagnostics against a bounded native prototype","Adapter, oracle, or hybrid dependency selected by evidence","CF fixtures and engine option paper","P0","0.3.0-B","high","TRUE","DEC-015","Do not adopt automatically as the internal engine"
"OC-INT-06","0.3.0-B","Versioned oceancube-to-spatind exchange schema","interop-spatind","schema version and plain tables","APPROVED-CONCEPT","INTERNAL;ARCHITECTURAL","Downstream indicators need stable field, geometry, unit, and provenance inputs","none (existing boundary contract)","Separate physical-field preparation from indicator calculation","Package coupling and undocumented joins can invalidate analyses","oceancube owns upstream schema production and spatind consumes it","shared-contract","Version keys, dimensions, units, bounds, missingness, provenance links, and compatibility policy","Plain data first; optional package integration after downstream review","Provenance v1, CF model, accessible spatind contract","P0","0.3.0-B","high","TRUE","DEC-022","Does not prescribe nonexistent spatind functions"
"OC-VERT-01","0.3.0-C","Vertical coordinate contract","vertical-core","object fields and validation; public API under review","APPROVED-CONCEPT","STANDARD-DRIVEN;ARCHITECTURAL","Metric depth, height, pressure, nominal, sigma, and hybrid axes are not interchangeable","https://cfconventions.org/Data/cf-conventions/cf-conventions-1.13/cf-conventions.html","Establish units, positive direction, bounds, monotonicity, and transformation provenance","Every vertical operation depends on consistent orientation and coordinates","Vertical ocean semantics are a core responsibility","oceancube","Define contract and validation before algorithms","CF engine; no extra scientific dependency","Gate B fixtures and CF vertical semantics","P0","0.3.0-C","high","FALSE","DEC-008","No named diagnostic begins before this contract"
"OC-VERT-02","0.3.0-C","Vertical gradient, integration, and mean primitives","vertical-primitives","candidate composable engine with operation argument","APPROVED-CONCEPT","INTERNAL;EXTERNAL-INSPIRED;ARCHITECTURAL","Profiles need bounded field transformations with explicit weights and coordinates","https://dankelley.github.io/oce/","Compute scientifically traceable derivatives and integrals across depth/pressure","Irregular spacing, bounds, masks, and missingness affect results","These are field-to-field or field-to-profile operations","oceancube","Design one composable primitive engine before separate convenience APIs","Use base numerical methods first; external methods only when justified","Vertical contract and method review","P1","0.3.0-C","high","TRUE","DEC-014","Public function count remains undecided"
"OC-VERT-03","0.3.0-C","Vertical interpolation, extrema, and depth-at-value primitives","vertical-primitives","candidate internal engine plus minimal public surface","PROPOSED","USER-DRIVEN;EXTERNAL-INSPIRED;ARCHITECTURAL","Named surfaces need explicit crossings, extrema, and interpolation","https://search.r-project.org/CRAN/refmans/OceanView/help/remap.html","Locate physical features without hidden extrapolation or tie choices","Multiple crossings, gaps, inversions, and edge behavior require diagnostics","These primitives prepare physical fields and surfaces","oceancube","Define methods, ties, extrapolation, missingness, and returned diagnostics before APIs","No dependency selected","Vertical contract and real profiles","P1","0.3.0-C","high","TRUE","DEC-008","Depth-at-value supports isotherm/isopycnal surfaces but is not a named diagnosis"
"OC-VERT-04","0.3.0-C","TEOS-10 bridge through gsw","vertical-teos","profile-wise adapter; candidate API under review","APPROVED-CONCEPT","STANDARD-DRIVEN;EXTERNAL-INSPIRED","Density and related thermodynamics require authoritative TEOS-10 equations","https://teos-10.github.io/GSW-R/","Calculate thermodynamic variables with correct salinity, temperature, pressure, and units","Inputs must be aligned, converted, masked, dispatched, and restored efficiently","oceancube prepares profiles and provenance while gsw owns equations","oceancube","Validate variables/units, derive allowed pressure inputs, dispatch profile-wise, restore cube, record gsw method/version","Optional gsw dependency; never reimplement equations","Vertical contract, CF metadata, and TEOS method review","P1","0.3.0-C","high","FALSE","DEC-005","Exact diagnostic API remains separate"
"OC-VERT-05","0.3.0-C","Thermocline and isotherm-depth diagnostics","vertical-diagnostics","candidate cube_thermocline and depth-at-value methods","PROPOSED","USER-DRIVEN;EXTERNAL-INSPIRED","Users need depth surfaces for temperature structures","https://dankelley.github.io/oce/","Define scientifically defensible thermocline and isotherm criteria","Multiple definitions and vertical resolution create method uncertainty","Produces physical diagnostics and fields","oceancube","Separate methodological review, diagnostics, uncertainty flags, and provenance","No renderer dependency; reuse vertical primitives","Vertical contract, primitives, and real depth fixtures","P1","0.3.0-C","high","TRUE","DEC-008","Names and formulas are not final"
"OC-VERT-06","0.3.0-C","Mixed-layer-depth diagnostic","vertical-diagnostics","candidate cube_mixed_layer_depth","PROPOSED","USER-DRIVEN;EXTERNAL-INSPIRED","MLD is a common physical-ocean surface with temperature and density definitions","https://teos-10.github.io/GSW-R/","Estimate mixed-layer depth with explicit reference and threshold methods","Formula, reference depth, density inputs, inversions, and gaps change results","MLD is a physical diagnostic derived from fields","oceancube","Separate scientific review and method-specific validation","Use gsw only for required thermodynamics","Vertical primitives, TEOS bridge where needed, and MLD fixtures","P1","0.3.0-C","high","TRUE","DEC-008","No default formula is approved"
"OC-VERT-07","0.3.0-C","Pycnocline and isopycnal-depth diagnostics","vertical-diagnostics","candidate diagnostic and depth-surface methods","PROPOSED","USER-DRIVEN;STANDARD-DRIVEN","Density structures require TEOS-aware vertical processing","https://teos-10.github.io/GSW-R/","Locate density gradients and target density surfaces","Density definition, pressure, crossings, and resolution require explicit rules","These are physical ocean diagnostics","oceancube","Review methods separately and reuse TEOS plus vertical primitives","Optional gsw dependency","TEOS bridge and vertical extrema/depth-at-value","P2","0.3.0-C","high","TRUE","DEC-008","Isopycnal depth is a surface product, not an ecological indicator"
"OC-VERT-08","0.3.0-C","Halocline diagnostic","vertical-diagnostics","candidate diagnostic; API under review","PROPOSED","USER-DRIVEN;EXTERNAL-INSPIRED","Salinity-gradient structures are relevant vertical ocean features","https://dankelley.github.io/oce/","Locate halocline features with explicit salinity and depth semantics","Threshold and extrema definitions vary","Physical vertical diagnostics belong upstream","oceancube","Separate method review using vertical gradients and extrema","No new dependency unless method evidence requires it","Vertical primitives and salinity fixtures","P2","0.3.0-C","high","TRUE","DEC-008","Formula and public name are not approved"
"OC-VERT-09","0.3.0-C","Optional oxycline diagnostic","vertical-diagnostics","candidate diagnostic; API under review","PROPOSED","USER-DRIVEN","Oxygen gradients and depth surfaces support biogeochemical workflows","https://dankelley.github.io/oce/","Locate oxygen transition structures without ecological classification","Units, sensor products, multiple crossings, and hypoxia thresholds differ","A physical concentration-gradient diagnostic can remain field preparation","oceancube","Method review must separate physical gradient from ecological threshold interpretation","No new dependency selected","Vertical primitives and oxygen fixtures","P2","0.3.0-C","high","TRUE","DEC-008","Ecological interpretation remains downstream"
"OC-VIZ-01","0.3.0-D","Hovmoller visualization","viz-2d","candidate viz.hovmoller","PROPOSED","USER-DRIVEN;INTERNAL","Historical roadmap and current cube selections support time-distance/depth views","none (historical package roadmap)","Show evolution across one spatial or vertical axis","Axis selection and aggregation must remain explicit","Visualization of prepared fields belongs in oceancube","oceancube","Return ggplot from explicit 2-D preparation without mutating cube","Existing ggplot2 dependency","Stable extraction and time/vertical contracts","P1","0.3.0-D","medium","TRUE","DEC-014","Candidate name only"
"OC-VIZ-02","0.3.0-D","Temperature-salinity diagram","viz-ocean","candidate viz.ts","PROPOSED","USER-DRIVEN;EXTERNAL-INSPIRED","T-S diagrams are standard profile and water-mass views","https://dankelley.github.io/oce/reference/plotTS.html","Plot salinity-temperature relationships with optional density context","Variable alignment, units, pressure, and density contours need clear provenance","Ocean-specific physical visualization belongs upstream","oceancube","Prepare aligned data and use gsw-derived density only when requested","ggplot2 core; optional gsw for TEOS context","TEOS bridge and profile extraction","P1","0.3.0-D","medium","TRUE","DEC-005","Water-mass interpretation is user responsibility"
"OC-VIZ-03","0.3.0-D","Vector and quiver visualization","viz-vector","candidate viz.vector","PROPOSED","USER-DRIVEN;EXTERNAL-INSPIRED","OceanView demonstrates vector field display; users need currents and transport context","https://cran.r-project.org/package=OceanView","Display aligned components with explicit scale and subsampling","Dense arrows, staggering, and map projection can misrepresent direction","Visualization follows the vector field contract","oceancube","Prepare aligned vectors and renderer-neutral arrow data before plotting","Existing ggplot2 first; optional renderer later","Vector component and grid-position contracts","P2","0.3.0-D","high","TRUE","DEC-009","Cannot precede vector alignment"
"OC-VIZ-04","0.3.0-D","Depth-dependent 3-D surfaces","viz-3d-data","candidate viz.surface3d","PROPOSED","USER-DRIVEN;EXTERNAL-INSPIRED","Users requested 3-D maps of thermocline, MLD, isotherm, isopycnal, oxycline, and bathymetry surfaces","https://matthewkling.github.io/ggcube/articles/surfaces.html","Represent physically meaningful depth surfaces in geographic context","Triangulation, orientation, decimation, missing areas, and renderer coupling need contracts","oceancube prepares the scientific surface and provenance","oceancube","Define renderer-neutral surface table/mesh plus depth orientation and mask semantics","Renderer optional and replaceable","Named or depth-at-value surface, Gate C, memory policy","P1","0.3.0-D","high","TRUE","DEC-017","Scientific data preparation is independent of ggcube"
"OC-VIZ-05","0.3.0-D","3-D slices and section context","viz-3d-data","candidate viz.slices3d or method arguments","PROPOSED","USER-DRIVEN;EXTERNAL-INSPIRED","Moving and fixed slices help inspect volumetric structure","https://cran.r-project.org/package=OceanView","Place horizontal and vertical sections consistently in 3-D coordinates","Coordinate ratios, ordering, depth direction, and decimation affect interpretation","oceancube owns section preparation and scientific coordinates","oceancube","Reuse current slice/section extraction and create renderer-neutral scene data","Renderer optional; no core dependency","Gate C and surface data contract","P2","0.3.0-D","medium","TRUE","DEC-017","Prefer method arguments over multiple exports where possible"
"OC-VIZ-06","0.3.0-D","Small and medium isosurfaces","viz-3d-data","candidate isosurface preparation plus renderer method","PROPOSED","USER-DRIVEN;EXTERNAL-INSPIRED","Isotherm, isopycnal, and oxygen surfaces may require 3-D contour extraction","https://matthewkling.github.io/ggcube/reference/index.html","Extract interpretable surfaces from bounded volumes","Topology, holes, smoothing, memory, and threshold semantics are complex","A bounded physical surface is field preparation","oceancube","Prototype bounded contour extraction with decimation and diagnostics","Renderer remains optional; contour engine selected later","Gate C, memory estimator, and vertical/grid semantics","P2","0.3.0-D","high","TRUE","DEC-017","Large isosurfaces are a separate deferred item"
"OC-VIZ-07","0.3.0-D","Bathymetry overlay","viz-3d-data","overlay argument or adapter under review","PROPOSED","USER-DRIVEN;EXTERNAL-INSPIRED","Depth surfaces need seafloor context","https://www.gebco.net/data_and_products/gridded_bathymetry_data/","Align bathymetry, land masks, and ocean surfaces with explicit source and resolution","CRS, resolution, vertical datum, and licensing can differ","oceancube owns physical scene preparation","oceancube","Require user-supplied or approved fixture bathymetry and record source","No automatic data download dependency","Bathymetry fixture, Gate C, and grid alignment","P2","0.3.0-D","medium","TRUE","DEC-024","Overlay is optional and must not imply a bundled global dataset"
"OC-VIZ-08","0.3.0-D","Renderer and depth-orientation evaluation","viz-3d-renderer","adapter interfaces; no fixed API","APPROVED-CONCEPT","USER-DRIVEN;EXTERNAL-INSPIRED;ARCHITECTURAL","ggcube and rgl offer distinct static, lighting, orbit, animation, OpenGL, and WebGL capabilities","https://matthewkling.github.io/ggcube/; https://dmurdoch.github.io/rgl/","Render positive-down ocean depth without changing scientific coordinate meaning","Platform, headless CI, HTML embedding, and interaction differ by renderer","oceancube must define scene data before renderer choice","oceancube","Build a platform matrix and renderer-neutral prototype","Optional renderer only; never core-hardwire before decision","Gate C and memory policy","P1","0.3.0-D","medium","TRUE","DEC-017","Decision must include static export and CI behavior"
"OC-VIZ-09","0.5.0-B","Large volume rendering, voxels, isosurfaces, and long animation","viz-3d-large","future renderer adapters","DEFERRED","USER-DRIVEN;EXTERNAL-INSPIRED;ARCHITECTURAL","Large 3-D views are attractive but exceed current memory and execution contracts","https://matthewkling.github.io/ggcube/; https://dmurdoch.github.io/rgl/","Explore large ocean volumes without accidental materialization","Decimation, chunk access, frame planning, caching, and rendering costs dominate","oceancube may prepare bounded data after infrastructure exists","oceancube","Defer until lazy/chunk engine and benchmarks define safe limits","Optional renderer and storage backends","Gate E, chunk planner, memory estimator, and scale benchmark","P3","0.5.0-B","high","FALSE","DEC-011","Not part of the 0.3 small/medium 3-D scope"
"OC-VEC-01","0.3.0-E","Vector component and naming contract","vector-core","component metadata; public API under review","APPROVED-CONCEPT","STANDARD-DRIVEN;ARCHITECTURAL","u, v, and w variables require component identity, orientation, units, and positions","https://xgcm.readthedocs.io/en/latest/","Distinguish vector components from unrelated scalar variables","Names, CF standard names, grids, and coordinate orientation vary","Vector field semantics are core physical-field metadata","oceancube","Define recognition hierarchy, overrides, units, sign, and center/face positions","No xgcm dependency","CF model and preliminary grid positions","P0","0.3.0-E","high","FALSE","DEC-009","Recognition must be overridable and diagnosable"
"OC-VEC-02","0.3.0-E","Speed and direction transformations","vector-operations","candidate composable vector engine","PROPOSED","USER-DRIVEN;ARCHITECTURAL","Users need magnitude and direction from aligned components","none (standard vector algebra)","Create physical scalar fields with explicit angular convention","Projection, units, missingness, and component staggering affect results","These are field-to-field physical transformations","oceancube","Operate only after alignment and record direction convention","No new dependency","Vector contract and aligned positions","P1","0.3.0-E","medium","TRUE","DEC-009","Public API may be arguments rather than separate functions"
"OC-VEC-03","0.3.0-E","Component alignment and position transformations","vector-operations","alignment engine; API under review","APPROVED-CONCEPT","EXTERNAL-INSPIRED;ARCHITECTURAL","Staggered components cannot be combined at different positions","https://xgcm.readthedocs.io/en/latest/api/","Interpolate components to a declared common position","Metrics, masks, boundaries, and staggering determine valid interpolation","Grid-aware field preparation belongs in oceancube","oceancube","Use topology and metric-aware interpolation with diagnostics","xgcm is reference only","Grid topology, metrics, and position contract","P0","0.3.0-E","high","FALSE","DEC-009","No vector calculus before alignment"
"OC-VEC-04","0.3.0-E","Vertical velocity support","vector-operations","w-component methods under review","PROPOSED","USER-DRIVEN;ARCHITECTURAL","Three-component flows require vertical units and sign conventions","https://xgcm.readthedocs.io/en/latest/","Represent and visualize vertical motion consistently with depth coordinates","Vertical velocity may use different units, staggering, and positive direction","It is part of the physical vector field","oceancube","Integrate w only after vertical and grid position contracts","No new dependency","Vertical contract and component alignment","P2","0.3.0-E","high","TRUE","DEC-009","Does not imply trajectory or particle integration"
"OC-GRID-01","0.4.0-A","ocean_grid topology and position contract","grid-core","ocean_grid component; public constructor undecided","APPROVED-CONCEPT","STANDARD-DRIVEN;ARCHITECTURAL","Rectilinear centers are insufficient for advanced ocean-model grids","https://xgcm.readthedocs.io/en/latest/","Represent axes, topology, center/face/edge positions, CRS, and mappings","Existing five-axis logical shape must coexist with richer coordinates","Grid semantics are a core oceancube responsibility","oceancube","Design internal contract and migration path before exposing constructors","CF model is foundational; xgcm is reference only","CF grid mapping and nontrivial-grid fixtures","P0","0.4.0-A","high","TRUE","DEC-009","Do not force curvilinear arrays into the current 1-D coordinate fields"
"OC-GRID-02","0.4.0-A","Grid metrics contract","grid-metrics","metric registry and validation; API under review","APPROVED-CONCEPT","EXTERNAL-INSPIRED;ARCHITECTURAL","Distances, areas, thicknesses, and volumes are required for physical derivatives and integrals","https://xgcm.readthedocs.io/en/latest/grid_metrics/","Use location-aware metrics with explicit units and masks","Metrics vary by position and grid topology","Geometry and physical weighting belong in oceancube","oceancube","Extend existing area/thickness/volume evidence into a position-aware metric model","No xgcm dependency","ocean_grid topology and CF measures","P0","0.4.0-A","high","FALSE","DEC-009","Existing rectilinear geometry remains the initial implementation evidence"
"OC-GRID-03","0.4.0-A","Regrid and resample engine","grid-transform","candidate cube_regrid/cube_resample or method arguments","PROPOSED","USER-DRIVEN;EXTERNAL-INSPIRED","Fields from different sources need explicit grid/resolution alignment","https://search.r-project.org/CRAN/refmans/OceanView/help/remap.html; https://rspatial.github.io/terra/reference/resample.html","Map values between declared source and target grids","Nearest, bilinear, conservative, and area-weighted methods have different invariants","Explicit field transformation is core oceancube work","oceancube","Start rectilinear, require bounds for conservative methods, record method and coverage","Optional adapters may delegate after parity evidence","Grid topology, bounds, metrics, and benchmarks","P1","0.4.0-A","high","TRUE","DEC-014","Candidate names only; resampling semantics must separate space and time"
"OC-GRID-04","0.4.0-A","Grid interpolation primitives","grid-transform","composable interpolation engine","APPROVED-CONCEPT","EXTERNAL-INSPIRED;ARCHITECTURAL","Alignment and grid operations need position-aware interpolation","https://xgcm.readthedocs.io/en/latest/api/","Interpolate without hidden extrapolation or boundary assumptions","Irregular, masked, and staggered grids require topology-aware rules","Field-to-field transformations belong in oceancube","oceancube","Implement explicit source/target positions, method, boundary, and diagnostics","Native engine or bounded adapter selected after prototypes","Topology, metrics, and invariance tests","P0","0.4.0-A","high","FALSE","DEC-009","Foundation for vector alignment"
"OC-GRID-05","0.4.0-A","Metric-aware derivatives and integrals","grid-calculus","candidate operation arguments; API undecided","APPROVED-CONCEPT","EXTERNAL-INSPIRED;ARCHITECTURAL","Physical gradients and integrals require distances, areas, and thicknesses","https://xgcm.readthedocs.io/en/latest/grid_metrics/","Compute traceable spatial/vertical field transformations","Naive index differences are invalid on nonuniform or staggered grids","These are physical field transformations","oceancube","Use metric registry and position transitions with unit propagation","No xgcm dependency","Grid metrics and interpolation","P1","0.4.0-A","high","FALSE","DEC-009","Advanced diagnostics depend on these primitives"
"OC-GRID-06","0.4.0-A","Weighted operations and boundary handling","grid-calculus","weight and boundary arguments","APPROVED-CONCEPT","INTERNAL;EXTERNAL-INSPIRED;ARCHITECTURAL","Masks, partial cells, periodicity, fill, extend, and conservative operations need explicit rules","https://xgcm.readthedocs.io/en/latest/api/","Avoid silent edge and partial-cell bias","Boundary behavior can dominate derivatives and interpolation","oceancube owns geometry, masks, and field transformations","oceancube","Define periodic, fill, extend, missing, partial-cell, and mask policies by operation","No new dependency","Metrics, bounds, and property tests","P0","0.4.0-A","high","FALSE","DEC-009","Antimeridian is tracked separately"
"OC-GRID-07","0.4.0-B","Curvilinear and rotated-grid support","grid-advanced","grid adapters and selectors under review","PROPOSED","STANDARD-DRIVEN;EXTERNAL-INSPIRED","Many ocean models use 2-D auxiliary lon/lat or rotated coordinates","https://r-spatial.github.io/stars/reference/read_stars.html","Represent and subset nonrectilinear horizontal domains correctly","Selection, plotting, bounds, and CRS cannot use independent 1-D axes","Advanced grids remain core grid semantics","oceancube","Add only after ocean_grid contract and real topology fixtures","stars may be adapter; CF grid_mapping required","Gate D, topology, metrics, and CF mappings","P2","0.4.0-B","high","TRUE","DEC-015","Not forced into current lon/lat vector fields"
"OC-GRID-08","0.4.0-B","Staggered Arakawa grid support","grid-advanced","position-aware component methods","PROPOSED","EXTERNAL-INSPIRED;ARCHITECTURAL","Ocean circulation output commonly staggers scalar and velocity fields","https://xgcm.readthedocs.io/en/latest/","Align and transform C-grid components without false co-location","Topology, masks, metrics, and boundary positions vary by model","Ocean-model grid semantics belong in oceancube","oceancube","Start with one documented C-grid fixture and explicit positions","xgcm is architectural reference only","Gate D, metrics, interpolation, vector contract","P2","0.4.0-B","high","TRUE","DEC-009","Other staggering arrangements require separate evidence"
"OC-GRID-09","0.4.0-B","Sigma and hybrid coordinate conversion","grid-advanced","coordinate transform engine; API under review","PROPOSED","STANDARD-DRIVEN;EXTERNAL-INSPIRED","Terrain-following ocean grids require formula terms and dynamic depth mapping","https://search.r-project.org/CRAN/refmans/OceanView/help/remap.html; https://cfconventions.org/Data/cf-conventions/cf-conventions-1.13/cf-conventions.html","Convert parametric coordinates to physical depth only with complete formula inputs","Auxiliary fields, time dependence, masks, and interpolation are complex","Vertical/grid coordinate interpretation is core oceancube work","oceancube","Resolve CF formula terms, compute physical coordinates, then explicitly interpolate if requested","OceanView is inspiration; native or hybrid engine undecided","CF vertical semantics, ocean_grid, and real sigma fixture","P2","0.4.0-B","high","TRUE","DEC-015","Never infer missing formula terms"
"OC-GRID-10","0.4.0-B","Antimeridian strengthening","grid-advanced","selection and geometry policies","PROPOSED","INTERNAL;STANDARD-DRIVEN","Current general antimeridian handling is outside scope","https://r-spatial.github.io/sf/","Select, crop, intersect, and visualize wrapped ocean domains consistently","Longitude conventions, polygon splitting, and periodic grids interact","Global ocean grid geometry belongs in oceancube","oceancube","Define normalized intervals, periodic axes, geometry splitting, and provenance","sf/s2 remains optional geometry engine","ocean_grid topology and boundary policy","P2","0.4.0-B","high","TRUE","DEC-013","Requires dedicated global fixtures"
"OC-MULTI-01","0.4.0-C","Collection metadata compatibility and virtual cube contract","backend-collection","collection descriptor; proposed API under review","APPROVED-CONCEPT","ARCHITECTURAL;EXTERNAL-INSPIRED","Many-file products must be validated before concatenation","https://docs.xarray.dev/en/stable/generated/xarray.open_mfdataset.html","Present compatible files as one logical cube without copying all values","Variables, coordinates, attributes, calendars, and encodings can conflict","Multi-file I/O is core backend work","oceancube","Define compatibility levels, conflict diagnostics, ordering, and source list","No Python dependency; native descriptor first","CF model, backend contract, and provenance v1","P1","0.4.0-C","high","TRUE","DEC-014","A candidate cube_open_collection name is not approved"
"OC-MULTI-02","0.4.0-C","Concatenation by time","backend-collection","collection operation or mode argument","PROPOSED","USER-DRIVEN;EXTERNAL-INSPIRED","Operational products are commonly partitioned by time","https://docs.xarray.dev/en/stable/generated/xarray.open_mfdataset.html","Expose one ordered time axis with explicit overlaps and gaps","Duplicates, calendars, variable drift, and file order need rules","Temporal collection semantics belong in oceancube","oceancube","Validate first, then construct a virtual index; materialize only on request","Native implementation; xarray is conceptual reference","Collection compatibility and calendar strategy","P1","0.4.0-C","high","TRUE","DEC-014","Do not silently merge conflicting metadata"
"OC-MULTI-03","0.4.0-C","THREDDS and OPeNDAP access","backend-remote","remote descriptor/adapters; API under review","PROPOSED","USER-DRIVEN;EXTERNAL-INSPIRED","Remote scientific services enable bounded access without full downloads","https://www.opendap.org/; https://www.unidata.ucar.edu/software/tds/","Read remote subsets under the same cube contract","Network errors, server capabilities, authentication, and reproducibility vary","Remote ocean I/O belongs in oceancube","oceancube","Add narrow adapters with dry-run, size estimates, retries policy, and source identity","Optional backend clients; never force credentials into core","CF model, lazy backend, remote provenance, and access fixtures","P2","0.4.0-C","high","TRUE","DEC-013","No remote implementation before bounded local contract is public"
"OC-MULTI-04","0.4.0-C","Remote provenance contract","provenance-remote","provenance extensions","APPROVED-CONCEPT","ARCHITECTURAL;STANDARD-DRIVEN","Remote subsets require source URL, dataset version, query, time, and identity","none (provider-specific evidence)","Reproduce exactly what remote data were requested and returned","Mutable endpoints and server-side transformations obscure lineage","I/O provenance is a core package responsibility","oceancube","Extend provenance v1 with endpoint, query, response identity, checksums/ETag when available, and access time","Backend-neutral schema","Provenance v1 and remote descriptor","P0","0.4.0-C","high","FALSE","DEC-019","Credentials must never be recorded"
"OC-MULTI-05","0.5.0-A","Reference-based virtual datasets inspired by kerchunk","backend-reference","experimental reference descriptor","DEFERRED","EXTERNAL-INSPIRED;ARCHITECTURAL","Many existing NetCDF/HDF files can form virtual cloud-friendly datasets without copying","https://fsspec.github.io/kerchunk/","Represent logical collections through byte-range references","Reference specs, codecs, object stores, and R ecosystem maturity create dependency risk","This is a future backend concept, not a Python core commitment","oceancube","Revisit after native multi-file and lazy abstractions; consider interchange rather than implementation","No Python core dependency; optional external tooling only if approved","Multi-file contract, chunks, storage abstraction, and remote provenance","P3","0.5.0-A","high","TRUE","DEC-012","Concept only; not required for 0.5 lazy engine"
"OC-LAZY-01","0.5.0-A","Operation DAG contract","lazy-core","internal operation nodes and explain/inspect candidate","APPROVED-CONCEPT","EXTERNAL-INSPIRED;ARCHITECTURAL","Deferred transformations need explicit parents, parameters, shapes, and provenance","https://docs.dask.org/en/stable/","Represent pending work without executing or losing scientific semantics","Graph growth, serialization, fusion, and error timing require rules","Lazy field transformation belongs in oceancube backend architecture","oceancube","Define immutable serializable nodes with predicted dimensions and provenance","Native R engine; Dask patterns only","Public lazy backend, provenance, and stable operation contracts","P0","0.5.0-A","high","FALSE","DEC-012","Do not imitate Dask API mechanically"
"OC-LAZY-02","0.5.0-A","Deferred execution and collection boundary","lazy-core","compute/collect semantics under review","APPROVED-CONCEPT","INTERNAL;EXTERNAL-INSPIRED;ARCHITECTURAL","Users need to distinguish planning from materialization","https://docs.xarray.dev/en/stable/; https://docs.dask.org/en/stable/array.html","Preserve lazy chains while making execution explicit","Some operations require global state or materialized intermediates","Backend execution is core oceancube work","oceancube","Classify operations as blockwise, reduction, shuffle/regrid, or eager-only and expose clear collection points","Native execution first","Operation DAG and backend parity","P0","0.5.0-A","high","TRUE","DEC-014","Existing cube_collect informs but does not settle the full API"
"OC-LAZY-03","0.5.0-A","Chunk planner and memory estimator","lazy-planner","internal planner with user-visible plan summary candidate","APPROVED-CONCEPT","EXTERNAL-INSPIRED;ARCHITECTURAL","Chunks must align with storage, operation axes, and memory limits","https://docs.dask.org/en/latest/array-chunks.html","Execute larger-than-memory operations predictably","Too-small chunks create graph overhead; too-large chunks exhaust memory","Storage-aware planning is a core backend responsibility","oceancube","Model source chunks, target blocks, halo needs, intermediate size, and peak memory","Native planner; Dask guidance as reference","Operation DAG, benchmarks, and memory profiles","P0","0.5.0-A","high","FALSE","DEC-012","Planner policy must be benchmarked on oceancube operations"
"OC-LAZY-04","0.5.0-A","Cache and progress contract","lazy-runtime","cache/progress options under review","PROPOSED","USER-DRIVEN;ARCHITECTURAL","Long operations need observable progress and controlled reuse","none (runtime design evidence)","Avoid repeated expensive reads while retaining reproducibility","Cache invalidation, source mutation, cancellation, and sensitive paths are risks","Execution ergonomics belong with the lazy engine","oceancube","Key cache by source identity, operation hash, schema, and package version; make progress optional","Minimal native interface; optional progress backend only if justified","DAG, provenance, and source identity","P1","0.5.0-A","medium","TRUE","DEC-014","No implicit persistent cache in the package directory"
"OC-LAZY-05","0.5.0-A","Parallel chunk execution","lazy-runtime","execution backend options","PROPOSED","EXTERNAL-INSPIRED;ARCHITECTURAL","Independent chunks can reduce wall time for large operations","https://docs.dask.org/en/stable/best-practices.html","Use available compute without changing scientific results","File handles, serialization, memory multiplication, ordering, and cancellation are complex","Parallelism belongs under the execution contract, not individual functions","oceancube","Start bounded and deterministic; benchmark sequential versus parallel and cap memory","Optional R parallel backend selected later; no Dask dependency","Chunk planner, stress tests, and deterministic reductions","P2","0.5.0-A","high","TRUE","DEC-012","Parallel is not automatically faster"
"OC-STOR-01","0.5.0-B","CF-compliant NetCDF writing","backend-write","candidate cube_write or method; API undecided","APPROVED-CONCEPT","STANDARD-DRIVEN;USER-DRIVEN","Users need reproducible export of transformed cubes","https://cfconventions.org/Data/cf-conventions/cf-conventions-1.13/cf-conventions.html","Write data, coordinates, bounds, metadata, provenance, and quality without semantic loss","Encoding, fill values, unlimited dimensions, groups, and conformance are complex","NetCDF storage is a core oceancube responsibility","oceancube","Design writer from the stable CF model and round-trip conformance tests","NetCDF library choice reviewed separately","CF stages 1-4, provenance, and writer fixtures","P1","0.5.0-B","high","TRUE","DEC-015","Writing is CF stage 5, not an early metadata shortcut"
"OC-STOR-02","0.5.0-B","Compression and chunk encoding policy","backend-write","writer encoding arguments","APPROVED-CONCEPT","STANDARD-DRIVEN;ARCHITECTURAL","Storage layout controls size and read performance","https://docs.dask.org/en/latest/array-chunks.html","Choose encodings suited to expected ocean selections","Poor chunks or compression can make reads inefficient or lossy","oceancube writes and reads multidimensional storage","oceancube","Benchmark chunk shapes, compression levels, packing, checksums, and round trips","Backend-specific encoders behind shared policy","Chunk planner and NetCDF writer","P1","0.5.0-B","high","FALSE","DEC-028","Lossy packing must be explicit"
"OC-STOR-03","0.5.0-B","Experimental Zarr backend","backend-zarr","read/write adapter; API under review","DEFERRED","STANDARD-DRIVEN;EXTERNAL-INSPIRED","Zarr provides versioned chunked compressed N-D storage for cloud/object systems","https://zarr.dev/; https://zarr-specs.readthedocs.io/en/latest/v3/core/index.html","Access and store large analysis-ready arrays by chunk","R implementation maturity, metadata conventions, codecs, and version compatibility are risks","A future storage backend fits the cube abstraction","oceancube","Prototype only after CF, lazy, chunk, and storage contracts; declare experimental coverage","Optional backend dependency; no Python core","Gate E, writer abstraction, chunk planner, and CF encoding","P3","0.5.0-B","high","TRUE","DEC-012","Zarr container alone does not provide CF/geospatial semantics"
"OC-STOR-04","0.5.0-B","Cloud and object-storage access","backend-cloud","storage adapter options","DEFERRED","USER-DRIVEN;EXTERNAL-INSPIRED;ARCHITECTURAL","Large archives increasingly live in object storage","https://zarr.dev/; https://fsspec.github.io/kerchunk/","Read only required chunks close to data","Authentication, cost, consistency, retries, and provider APIs vary","Remote storage belongs behind the backend contract","oceancube","Add one bounded optional adapter after local and HTTP/reference contracts are stable","Optional provider-neutral storage library preferred","Gate E, remote provenance, and Zarr/reference decision","P3","0.5.0-B","high","TRUE","DEC-012","Never record credentials"
"OC-DATA-01","0.6.x","Profiles and time-series profiles","data-models","profile adapter/model; API under review","DEFERRED","STANDARD-DRIVEN;USER-DRIVEN","In-situ profiles are not naturally rectilinear five-axis cubes","https://cfconventions.org/Data/cf-conventions/cf-conventions-1.13/cf-conventions.html","Represent ragged or sampled vertical observations without false gridding","Variable profile levels and ragged arrays need a distinct contract","Ocean data interoperability may extend beyond gridded cubes","oceancube","Evaluate CF discrete sampling geometry and oce profile workflows","Optional adapters; do not overload ocean_cube prematurely","Stable gridded contracts and DSG fixtures","P3","0.6.x","high","TRUE","DEC-014","Could remain an adapter rather than a core class"
"OC-DATA-02","0.6.x","Trajectory data model","data-models","trajectory adapter/model; API under review","DEFERRED","STANDARD-DRIVEN;USER-DRIVEN","Drifters and moving platforms have observation-indexed coordinates","https://cfconventions.org/Data/cf-conventions/cf-conventions-1.13/cf-conventions.html","Preserve moving coordinates, time, variables, and quality","A rectilinear cube would misrepresent trajectory topology","Potential ocean-data extension requires a distinct model","oceancube","Evaluate CF trajectory DSG and exchange with tabular/spatial tools","Adapter-first; no particle simulation","Stable provenance, time, and DSG contract","P3","0.6.x","high","TRUE","DEC-014","Lagrangian simulation remains out of scope"
"OC-DATA-03","0.6.x","Ensemble dimension contract","data-models","ensemble axis or collection metadata; API under review","DEFERRED","USER-DRIVEN;ARCHITECTURAL","Forecast and model products may include members beyond the canonical axes","https://docs.xarray.dev/en/stable/","Represent member identity and aggregation without treating members as variables","Logical shape, metadata, lazy reads, and statistics need compatibility rules","Ensemble ocean fields are upstream data representation","oceancube","Prototype as explicit auxiliary dimension or collection after core contracts stabilize","No xarray dependency","Multi-file, lazy, and provenance contracts","P3","0.6.x","high","TRUE","DEC-014","Do not silently repurpose variable axis"
"OC-DATA-04","0.6.x","CF discrete sampling geometry support","data-models","DSG adapters","DEFERRED","STANDARD-DRIVEN;ARCHITECTURAL","CF defines feature types for point, timeSeries, profile, and trajectory observations","https://cfconventions.org/Data/cf-conventions/cf-conventions-1.13/cf-conventions.html","Interpret observation collections using their actual sampling geometry","Contiguous/indexed ragged arrays and instance dimensions require specialized logic","CF-aware data access may include non-gridded ocean observations","oceancube","Implement adapter contracts only after gridded 1.0 foundations are near stable","Native or ncdfCF-assisted strategy undecided","CF engine and profiles/trajectory design","P3","0.6.x","high","TRUE","DEC-015","Not required for 0.3 or 0.4"
"OC-DATA-05","0.6.x","Possible unstructured-grid support","grid-unstructured","mesh adapter/model; API under review","DEFERRED","STANDARD-DRIVEN;ARCHITECTURAL","Some ocean models use connectivity-based meshes","https://ugrid-conventions.github.io/ugrid-conventions/","Represent cells, nodes, faces, connectivity, and metrics without false rectilinear axes","Topology and algorithms differ fundamentally from current grids","Could be a long-term ocean grid extension","oceancube","Evaluate UGRID and adapter-first feasibility after advanced structured grids","Optional mesh ecosystem adapter preferred before core expansion","Stable ocean_grid, CF model, metrics, and fixtures","P4","0.6.x","very-high","TRUE","DEC-014","May remain outside core if maintenance cost is excessive"
"OC-BOUNDARY-01","boundary-review","annual_index legacy boundary debt","legacy-indicators","existing annual_index; no change","LEGACY-DEBT","INTERNAL;ARCHITECTURAL","Function produces indicators and ocean_indicators objects","none (current source and boundary audit)","Maintain compatibility while restoring package boundary","Immediate removal would break users and downstream replacement does not yet exist","Migration must be coordinated from oceancube to spatind","spatind","Retain unchanged; define downstream parity, migration, deprecation, and release timeline later","Requires verified spatind contract","Equivalent downstream implementation and maintainer approval","P1","unassigned","high","TRUE","DEC-022","No deprecation, migration, or removal is authorized"
"OC-BOUNDARY-02","boundary-review","stock_mask boundary review","legacy-spatial","existing stock_mask; no change","LEGACY-DEBT","INTERNAL;ARCHITECTURAL","Stock-oriented naming may encode downstream domain semantics","none (current source and usage evidence)","Determine whether behavior is generic geometry or indicator-specific preparation","Consumers and replacement parity are unknown","Geometry can belong in oceancube but stock interpretation may not","shared-contract","Audit semantics and consumers individually; do not infer from name","No dependency change","Accessible spatind contract and usage evidence","P2","unassigned","medium","TRUE","DEC-022","Not an automatic migration candidate"
"OC-BOUNDARY-03","boundary-review","crop_stock boundary review","legacy-spatial","existing crop_stock; no change","LEGACY-DEBT","INTERNAL;ARCHITECTURAL","Stock-oriented crop semantics require boundary classification","none (current source and usage evidence)","Separate generic field cropping from downstream stock workflow convenience","Behavior and external consumers may rely on compatibility","Selection belongs upstream but domain wrappers need review","shared-contract","Audit behavior, redundancy, and consumers before any lifecycle proposal","No dependency change","Usage evidence and spatind contract","P2","unassigned","medium","TRUE","DEC-022","No deprecation is authorized"
"OC-BOUNDARY-04","boundary-review","link_events boundary review","legacy-linkage","existing link_events; no change","LEGACY-DEBT","INTERNAL;ARCHITECTURAL","Linking events may be field extraction or downstream analytical joining depending on semantics","none (current source and usage evidence)","Clarify stable upstream matching versus indicator/event interpretation","Temporal/spatial matching and downstream meaning may be mixed","Explicit extraction can belong in oceancube","shared-contract","Audit contract and consumers before deciding retain, generalize, or migrate","No dependency change","Tabular exchange and spatind contract","P2","unassigned","medium","TRUE","DEC-022","Not an automatic migration candidate"
"OC-BOUNDARY-05","boundary-review","signal_noise naming review","legacy-temporal","existing signal_noise; no behavior change","LEGACY-DEBT","INTERNAL;ARCHITECTURAL","Name suggests generic signal-to-noise but behavior is standardized anomaly magnitude or signed z","none (current source, tests, and documentation)","Avoid scientific misinterpretation while preserving compatibility","Renaming or deprecation can fragment established workflows","Current behavior is a field transformation but the name is ambiguous","oceancube","Keep behavior documented; evaluate alias or terminology only in a separate lifecycle review","No dependency change","Usage evidence and API lifecycle policy","P2","unassigned","medium","TRUE","DEC-014","No deprecation is authorized"
"OC-BOUNDARY-06","boundary-review","Final cube_trend descriptive contract","trend","existing cube_trend; no expansion","APPROVED-CONCEPT","INTERNAL;ARCHITECTURAL","Released tests and documentation define elapsed-time ordinary linear slope","none (current source and release contract)","Describe per-cell field change without claiming inference","Adding significance or robust trend methods would cross the package boundary","Descriptive field slope remains a field-to-field operation","oceancube","Preserve current contract and direct inferential requests downstream","No new dependency","Current 0.2.0 contract","P0","1.0.0","low","FALSE","DEC-003","Historical Theil-Sen proposal is superseded by DEC-026"
"OC-HYGIENE-01","post-0.2.0-hygiene","Upgrade Pages checkout action from v4","repository-infrastructure","workflow maintenance only","LEGACY-DEBT","INTERNAL;ARCHITECTURAL","Pages uses actions/checkout@v4 while R-CMD-check uses v5","https://github.com/actions/checkout","Keep workflow actions aligned and maintained","Workflow changes can affect Pages but not scientific behavior","Repository infrastructure supports oceancube publication","oceancube","Upgrade in a separate low-risk workflow commit with Pages verification","No package dependency","Green current Pages workflow","P2","post-0.2.0-hygiene","low","TRUE","DEC-027","Do not edit workflow in roadmap phase"
"OC-HYGIENE-02","post-0.2.0-hygiene","Populate GitHub description, homepage, and topics","repository-metadata","repository settings only","LEGACY-DEBT","INTERNAL;ARCHITECTURAL","Repository metadata fields are empty","https://github.com/qselmer/oceancube","Improve discovery and accurately describe the released package","Metadata can overclaim scope if not release-aligned","Repository presentation belongs to project maintenance","oceancube","Apply audited short description, canonical homepage, and focused topics separately","No package dependency","Maintainer approval of exact values","P1","post-0.2.0-hygiene","low","TRUE","DEC-027","Not core 0.3 scientific work"
"OC-HYGIENE-03","post-0.2.0-hygiene","Repair GitHub MIT license recognition","repository-metadata","license metadata files only","LEGACY-DEBT","INTERNAL;ARCHITECTURAL","GitHub reports NOASSERTION while DESCRIPTION declares MIT plus LICENSE","https://docs.github.com/en/repositories/managing-your-repositorys-settings-and-features/customizing-your-repository/licensing-a-repository","Make legal terms machine-recognizable and complete","The current R license stub may be insufficient for GitHub detection","Clear licensing is project governance","oceancube","Review copyright holder/year and standard MIT text in a separate legal-metadata commit","No package dependency","Maintainer confirmation of copyright metadata","P1","post-0.2.0-hygiene","medium","TRUE","DEC-027","Do not guess legal metadata"
"OC-HYGIENE-04","post-0.2.0-hygiene","Reconcile duplicate and historically stale documentation surfaces","documentation-architecture","documentation consolidation only","LEGACY-DEBT","INTERNAL;ARCHITECTURAL","Handbook Rmd/md, vignette, Quarto, generated docs, and historical roadmap overlap","none (repository documentation policy)","Keep one source of truth per purpose without losing scientific context","Deletion before parity can discard unique material and break links","Documentation architecture is part of package maintenance","oceancube","Add status notices and consolidate gradually after topic-level parity approval","No runtime dependency","Documentation map, link audit, and owner approval","P2","post-0.2.0-hygiene","medium","TRUE","DEC-014","No historical file is deleted by this roadmap"
"OC-HYGIENE-05","post-0.2.0-hygiene","Resolve merged dev-0.2.0 and future dev-0.3.0 branch policy","repository-infrastructure","git branch operation only","LEGACY-DEBT","INTERNAL;ARCHITECTURAL","dev-0.2.0 is fully merged and no 0.3 development branch should exist before Gate A","none (git ancestry evidence)","Keep branch names aligned with active development","Premature deletion or branch creation obscures release state","Repository workflow supports controlled oceancube development","oceancube","Approve policy, then delete merged branch and create dev-0.3.0 only when development starts","No package dependency","Gate A and DEC-020 resolution","P0","next-development-cycle","low","TRUE","DEC-021","No branch action occurs in roadmap phase"
"OC-OUT-01","downstream","Ecological spatial indicators","indicator-engine","spatind APIs only","MOVED-TO-SPATIND","ARCHITECTURAL","Occupied area/volume, center of gravity, dispersion, inertia, Gini, entropy, hotspots, fragmentation, overlap, compression, and shifts are downstream outputs","none (package boundary contract)","Calculate interpretable spatial indicators from prepared fields and weights","Indicator definitions and uncertainty are not cube transformations","oceancube should supply fields, weights, keys, and provenance only","spatind","Define in downstream package using versioned exchange schema","No oceancube dependency beyond shared contract","Spatind contract and exchange schema","P1","spatind-roadmap","medium","FALSE","DEC-002","No movement of existing functions occurs in this phase"
"OC-OUT-02","downstream","Indicator trend inference, breakpoints, and regimes","indicator-inference","spatind APIs only","MOVED-TO-SPATIND","ARCHITECTURAL","Sen slope, Mann-Kendall, p-values, uncertainty, change points, and regimes apply to indicator series","none (package boundary contract)","Quantify indicator change and uncertainty","Inferential assumptions and ecological interpretation exceed field transformation","oceancube stops at descriptive per-cell field slope","spatind","Implement downstream with explicit methods and uncertainty","No oceancube scientific dependency beyond exchange","Indicator series contract","P2","spatind-roadmap","high","FALSE","DEC-004","cube_trend must not expand into these methods"
"OC-OUT-03","out-of-scope","Stock assessment, species/community models, machine learning, and causal inference","external-analysis","none","OUT-OF-SCOPE","ARCHITECTURAL","Historical scope excludes general modeling and inference frameworks","none (historical and current package boundary)","These analyses consume prepared ocean fields but require separate domain models","Model training, validation, interpretation, and governance are distinct systems","Keeping them out preserves a focused package contract","out-of-scope","Provide interoperable outputs rather than implementations","Use specialized external packages","Versioned tabular and spatial interchange","P4","out-of-scope","high","FALSE","DEC-001","No public stubs or roadmap exports"
"OC-OUT-04","out-of-scope","General Lagrangian particle tracking","external-analysis","none","OUT-OF-SCOPE","ARCHITECTURAL","Trajectory simulation is not part of the field transformation baseline","none (post-release architecture review)","Particle advection requires numerical integration and model-specific velocity handling","Time stepping, interpolation, boundaries, diffusion, and uncertainty form a separate engine","oceancube may prepare velocity fields but should not become a particle model","out-of-scope","Expose validated vector fields for specialized tools","External particle-model packages","Stable vector and grid interchange","P4","out-of-scope","very-high","FALSE","DEC-001","Observed trajectory data may still be an adapter candidate under OC-DATA-02"
